chromosome,peak_id,sequence,length,gc_content,DNA_loop,nicked_DNA,origin
chr1,199,GAGGTGCACGTGTTGCAGTGAGGAGCCCTGAAACATGCGTGTTTTACTGCACAAGATGTGCCCTTGAATGGAGTCTAGGCCAGTCGGGGTCACCAAAAAAAATCCACCAAAAAACACCCAAGAAGGGAGAAGCGGTCACCCCCCACGTGCTGGAA,155,0.529032258,1,0,peak_ESC
chr1,243,GCCCAGCACGTGCGCCTGGCATTGCGCCCCCGCCCCGGGCCTCGGGGTGAGCGGGGGCGCCAGTTCCCACCCAGGGAGGCGGCTTGCACGTGCCCCCG,98,0.795918367,1,0,peak_ESC
chr1,279,TGGTGACACGTGGCGAGGAACGGCAGGCGGGCCGCCGGGTGGAGGCCGGGGTGGGACCCGGGGTCTCCTCGGGCTCTGACGTGTCCTGAGGGCTGACACGTGGAGCGG,108,0.740740741,1,0,peak_ESC
chr1,810,TGTGCCCACGTGTCTGGCCCCCAGGGCCGCTGTGGCTCACTTCGGTGCGGGGCCGCTCTCCCTGCCCGTTTCCGGCGGGGCACTGGGGCAGGCGGCACACGTGAGTCGG,109,0.743119266,1,0,peak_ESC
chr1,820,AGACAGCACGTGTGGCGGTGCAGAGGGCTTGGCTGCAAGAGCCGATAAGGAGGACCCTGGCGACTGCCTAGTCCAAAAGTCCTAGCTAGAGCAAGATCAACTTGTACTGCCCTTAGTACAGCCACGTGAGTGGG,134,0.567164179,1,0,peak_ESC
chr1,823,TTCCCTCACGTGCTCTCCGTCCGCGGCCTGCGCACACACCCATCCTGGGGCCCGCGCCCCGGGCCTGCCCTGGAGCGCCCCGCGCTTCAGACTCACCCACGTGTGCGGC,109,0.752293578,1,0,peak_ESC
chr1,857,GGGTGCCACGTGTTCAGCCTGCCAGCCCCGCCCAAACGCACCCCTCAGCCTGGCCGCCAGCCTGACCCAGAACCCCTGCGCCGGAGGGAGGGTGGGAATGTCTGCACGTGGGTCTG,116,0.706896552,1,0,peak_ESC
chr1,1060,GCGCGACACGTGCGGCCCAGAGCACCGGGGCCACCCGGTCCCCGCAGGCCCGGGACCGCGCCCGCTGGCAGGCGACACGTGGTGAGT,87,0.793103448,1,0,peak_ESC
chr1,1103,GCCCGTCACGTGGGCCGCTACTGAGCGAGCGCGCTCCCGACGCCCTCCCAAAAGCCCTCCCCGCCCCCCCTTTCGCCCGCGCACACGTGCGCGCG,95,0.768421053,0,0,peak_ESC
chr1,1224,GATGGACACGTGTTGGCTGGAATGTCAAGGCTGTAGCCAGGCCCCTTATTTTAGACACTTAGAAATCAGGACTCTGAGAACTTAGGCCAAGTAAAAATTATCAAAACAAAGAAACAAAACACGTGGTGGCA,131,0.427480916,1,1,peak_ESC
chr1,1503,TAGAGTCACGTGTTACCGGCGACACAACCAATGAGGGCGCGAGATCTGTGTAAGCAGGGGGAGGCACGTGCCGGGC,76,0.618421053,0,0,peak_ESC
chr1,1577,CCCTGACACGTGACTCAGGCAGGCAATGGCACCCAGGAGCGTCGAGCGCTCAGACGCGGAACTACGACAGTAAGAGGAAGCGGCGGCCATCCGTGCGTCACGTGGTGGAG,110,0.645454545,1,0,peak_ESC
chr1,1581,CGGCCGCACGTGCGGATCGGCCGCGCCCCACTGAGCAGAGAGCCCCCTTCTGCCGCCGACAGCCCGCGTCTGCACCGAGCCGGTCTCGGCCGGGCGCTGCCTTCACACGCGCCCAGGAGTGTCACGTGCGCCGC,134,0.76119403,1,0,peak_ESC
chr1,1582,CTCCTCCACGTGATCTCTCCGTCTTTCCCGCCCCCCTGTTCTCGCCTGCCACCCTCCACATGTGACCCGGGGCCTGGGGCTTGCCTCTGTGGGCGCCTCAGTGCGAGTTTGCGTATGTCGTGCGTGCTTGCGCGCGACGCCCCTTCGCCTGCGCTCCCCTCTCACGTGACTCGG,174,0.67816092,1,1,peak_ESC
chr1,1617,AAAGCACACGTGAGGTGCGTAATGCGCGACAGCCAAGAGGTGTGTGCGGCAGCAGTGCACGAGGGGAGGAAGCTATCCCAGGCCGCGGCAGCACGTGGAACTT,103,0.621359223,1,0,peak_ESC
chr1,2138,GCGGTGCACGTGGGTCTCTGAGGCGTGTAGCAGGCGGGGGCGTTTTGTTCTTCTTCTCTCTCGCCGGAGACCTCCGTTGCGCCGAGTCCATTCGGCCTCTAGCACCGGGTCCTGGGCATGCTTTCCCCGGGAAGGAGGCGCGCGGGGGCTCTGCCCGCACGTGAGGGGC,169,0.686390533,1,1,peak_ESC
chr1,2256,CGCCCGCACGTGCTCGGGGCGGGGCGGCTGGGGCCCGACGGGCGGGGCCGGGGGCGGTGGCGGCGGGGGCGTGGCCGGGCGGCCACGTGACGGGC,95,0.894736842,0,0,peak_ESC
chr1,2263,CCTGCGCACGTGTCCGGGAGAGCGCTGACCTCCGGGCCAAGGCCACTGTGTACTGGCCATTTGCCAAAGCGGAGCTGGCCTCCGCGCGGTTCCCAATTAACCAAAGCCACGTGGATTTG,119,0.630252101,1,0,peak_ESC
chr10,2353,TGAAGTCACGTGGTGGTGGACCCCGCCCCCAGGGCCCGGTTGGCTGTGGCCCCGCCCCCGAGCCCTGGGGTCGGTGCTTGCTGCCTGCGGCTCTCAGAAGCCTCTGCTCCACCGCGGCGAGAGGCATGGGCACGTGGCTGCC,142,0.732394366,1,0,peak_ESC
chr10,2359,GGCGGCCACGTGGGCGAGGAGCGCGGGCCGGGCTGCCTCTCGGGGGTGGCGGCCTTGGTTCCTCCCGCGGGGCTGGGCTTGCCGGGGCCCGGAGCCCGCCGGGAAGAGTTCGGAAATCACACGTGTCCTTT,131,0.748091603,1,0,peak_ESC
chr10,2659,CAGCCACACGTGTTCCAAGGGAGGGCCTCCGAGCCCCCTGATCTAAGCCCACGGCCGCCCAGCCTCTTCCGGGCTCGCGCCCGCCCCGAGAAAAAGGAAACCTGATGCCCCACCAGCCTCGCAGGTGCCGGGGACACGTGGAAAGG,146,0.684931507,1,0,peak_ESC
chr10,2681,GCCCGCCACGTGACCCGTAGTGTTGTGGTCTGGCCCGCGTGGGTGGCGGGAGCGCCGAGAGGGCGGGGGCGGCGATGGGGCGGGTCACGTGATGGGG,97,0.762886598,1,0,peak_ESC
chr10,2852,GGCATGCACGTGCGCGCTCGCGTGCGGGAGACCCCTCCCTTCCACACCACTTCCTTTCGGGACAAACCGGTAACCTCCGGCCCTGGAAGGTTTTGTCTAGTGGGTTCCGGATGGACTGGTGTTCCCAGCACCCCCCCGGCACGTGTCCACG,151,0.649006623,1,0,peak_ESC
chr10,2897,TCCCCACACGTGGGAGGAGGCAGCTGGACGATTCCTGAAAGGACTTTCCCTTGCTTCCTCATCACGTGGAAGAG,74,0.567567568,0,0,peak_ESC
chr10,2948,GGCGTACACGTGGTGACCTGCCTGCGGCTGGGTTCCCAGCTCCGGCTCCTCCTCCCTCCAGCTCTCGCTCGGCTTCCTGCAGTATCACGTGCAGCTG,97,0.670103093,1,0,peak_ESC
chr10,3004,TGCCAGCACGTGCTCCGCATCATCCTCTTCCTCTACCTTAAAGGTGAAGGAGCGGGTGTGGCCGGAGAGCTCACAGCCTGGTAGAAATAACAGTGAGTATGCCTGAGCGTGTGTACGGGGCTGGGCAGCGGGGGATGTCACCAACCCGCCGTCACGTGTAACCT,164,0.591463415,1,0,peak_ESC
chr10,3017,CGGAGCCACGTGGGGTTGGGGGAGCAATTTTCCCGGGAGAACTTGTCTGCCTCCCCTCCCCCTCTAGGCGGCCCGGGCATCCACGTGGGTCGG,93,0.688172043,1,0,peak_ESC
chr10,3037,GCCCTGCACGTGGAGAAGCCGCCGGCGGCGCTGCACTGCGTGTTCTGCCGCCGCGGCCCCCCGCTGCCCGCGCAGAAGGTCTGCCTGCGCTGCGAGGCGCCCTGCTGCCAGTCCCACGTGCAGACG,126,0.761904762,1,0,peak_ESC
chr10,3057,AGGAGCCACGTGTTACCTCCTACATCCCCAAGGGCCAGATGTACCCCAAGGTACAGCCACCCTGTCAATATGGCCAATCCACGTGTCAGCA,91,0.56043956,1,0,peak_ESC
chr10,3200,TCGCTCCACGTGGAGGGTGGGACCGGGGTCAGGGGTTAAAGGTCGGGACCTTGGCGCCGCCCAGACTGCACGTGGCTGGA,80,0.6875,0,0,peak_ESC
chr10,3247,CAACCGCACGTGGGCCGCGGCGTCGCCAGCGCCCCGCAGGAGTGCCGGGGCCCCAGGGCGCCCGAGCCCGCGCGGCCACGTGCTCCTC,88,0.829545455,0,0,peak_ESC
chr11,3325,ACGCGACACGTGCATCGCGACGGCCCAGGCACGGAGCCGCAGGAAGCTGGCACCTGACGCGCCTGCGCCCACCCAACTCGAGTTGGTGGCGCGTCACCTTCCCCTGGGATCGCCCGCAGCAGGGGCGCCCACGCACGTGCCAGTC,145,0.724137931,1,0,peak_ESC
chr11,3440,GGCGCCCACGTGACCCAGGTGCAGCCCCAGGCGCGCCCAAGGGCAGCTCGCCTTAGAGAAGGACCTAAAACCCCGTCTGGGGCACAGAGGAGCAGCCACGTGTTACGT,108,0.666666667,1,0,peak_ESC
chr11,3481,TTTGGACACGTGCGCAGCGCGCCCCCATACCGCCAGCTAGCTGCACACATCCGCTCGTGCAGCCCTGCGCACACACGTGTGCCCC,85,0.682352941,0,0,peak_ESC
chr11,3531,CCAGCGCACGTGGAGCAGTCTGCCGGTCGGTTGTCTGGCTGCGCGCGCCACCCGGGCCTCTCCAGTGCCCCGCCTGGCTCGGCATCCACCCCCAGCCCGACTCACACGTGGGTTCC,116,0.732758621,1,0,peak_ESC
chr11,3603,CTTGCGCACGTGCTGTCTACCAGTTCCTGAGAGGGACGCGTGCCGCGGAGCCAGGCTTACTACGTGACCCGGACACCAGGCATACGCTAGGGGCAGTCAGCTGTGCCTTCTCTTTCGGAGTTGTTCCGTGCTCCCACGTGCTTCCC,146,0.623287671,1,0,peak_ESC
chr11,3704,CACACTCACGTGCCCCCCCCCCCGCTTCCCCAAGCCCGTACAAAGGGTAACGGGCAAGCATCCTGAGTCACACCTGCACAAGCATCCTTGCGCGCACGTGCACGCT,106,0.641509434,0,0,peak_ESC
chr11,3760,GGAACACACGTGTGAGCTACAAGCCTGGCCGGGCCGCCCCCGCTGCGCGCCCCCCGGAGGACGTGGCCGCGGGCCAGGCCGCCTGCTGACACAGTGTTCCCTAGCTCCGAGCATCACGCACACACGCGCACGGCCCCACCGCGGCCCGGGGGAAAGCACGTGCGGAGG,168,0.744047619,1,0,peak_ESC
chr11,3990,GAGCCTCACGTGGGCCGCCGGACCCTAGCCGACGCCCGCAATAGGCGGAAGTGGCCGGGCTGTGGCTCGCAGTTATTGGCTGTCGGCGGGGGTGGGGACGTTCGATTCATTCACCCGAGTAGCACGTGTCTCCC,134,0.671641791,1,1,peak_ESC
chr11,4003,GAGAGTCACGTGTCCTTACCAAGCAGGCGTCCTGTGAAAGTCAGATCCCCTGTGCCCTGTCCCACCTGCTGGGGACCCGGTTCGTCCTGCCACCCAGCCTAGTCTTCTGGAAACCGGCCCACGTGCCTGCT,131,0.625954198,1,0,peak_ESC
chr11,4061,TTCATGCACGTGGCATATGAAGCTAGGACAAGGCCAGTGACCAAGAGGGGTGGCCAAAGCCCTCTGGTTTGCAGGCGAAGTTCCCAGCAGTTTGCACGTGTCCGCC,106,0.575471698,1,0,peak_ESC
chr11,4412,AAGAACCACGTGAGGGAGACCCCACTGCGCACCAGGCGCGAGCCCTGCGCATGCCCGTTGGGTCCCGGAGGCCGAGCCTGCGCAGTTAGGGGAACTCAGGCCCATAGGCTCCCCGCCTTTGCGTTGCCCTGAGCAGCGAGGCGCGGTCACGTGCTACCT,159,0.685534591,1,0,peak_ESC
chr11,4465,CGCAGACACGTGCCAAGGGAAGGGTAGTTCACTGCGTGGGGCGGGGGGACATGCAATAAGACAAGAGACCGCACGGAAATAGCTCCGTGCCCGTCTGCTGCACTGTCCTTCTCACGTGCCTTCG,124,0.60483871,1,0,peak_ESC
chr12,4623,TGAGGTCACGTGGTTGTGGGCGCGTGCGGGGCAGCAATGGAGAGCTGAGGGAGCGTCGTCAGGGTGGACACCATGCGACACCCATTTCTCCTTTGCATCCTGTGTCTTGGGGTTCAATGGGGTGCACGTGATGGGG,136,0.610294118,1,0,peak_ESC
chr12,4867,GCTGCCCACGTGATCACAACACAGCACGTCTAACGCCAGGGAGCCGGGCGCCCGGGGAACTACTGAGCCGCGCCGCGCCGGGCTCCGCCCCCCAGGCCGCTCGCCATTGGTCCATTAGAATGGGTAAGGGCGGTGCCGCCAGCAGGAGGGAAGGGTGGGCCTCACGTGGAGCGG,174,0.706896552,1,0,peak_ESC
chr12,4898,CGGGGCCACGTGGGGGCGGGGTCCAGCCCGCCCACCTGCCCCGTCCCCGTCCTAGGTCATTAAGCACAAGCTGTGCCGACGAGGAAAATGCCAGAAGGAGGCCAAAAGGAGCAGTGCGGACAAGGGCGTGGCCCTCAGCCTGGACGACGTCAAAAGACACGTGAGGGAG,169,0.656804734,1,0,peak_ESC
chr12,4977,CCATTTCACGTGTTCTCAGAGGCAGGTGGAACTTCTTAATGCGCCTGCGCAAAACTCGCCATTTTACTACACGTGCGGTCA,81,0.50617284,0,0,peak_ESC
chr12,5004,AGCCGGCACGTGTTGCTGGGTCCCATTGCGGATGGCTGGCCCCCTTCTTACTCCGCTAGTGTCCCTGACACCAGCTTCCCCACCACCAGCTTCCCCACCACGTGCTTTGC,110,0.636363636,1,0,peak_ESC
chr12,5046,TCCATGCACGTGGATTGGGGCCTCAGGGAGCGGACGTGTAACTGGGGAATCCCCAAGACCCCTGGGCGCGCGTGGAGTTAACTGCGAGCCTGTCCTCATTCTGGCGATCAGACGCCCCAGGGCCTCGTGACCGCCCATTTCACGTGGCATTA,152,0.625,1,1,peak_ESC
chr12,5068,TCTGGGCACGTGACCGCCACCCATGCGCTGAGGGGCGGACAGGAGGTGCTTCGACTGGGAGGAGGGCGAAGAGTGTAAGGGGGCGGAGGGGCGATGGCAGCCACGTGATCTGT,113,0.672566372,1,0,peak_ESC
chr12,5186,AGCAGCCACGTGCCTTTCGTACGGCGAAAGGCCCCCTTTCGGGCCATTTATCACAGGATACCTCAAGCAAAGGGGAACTGTGGTCACGTGAAAACA,96,0.541666667,1,0,peak_ESC
chr12,5242,TCCGTCCACGTGACCCACTCAGGCTCCTCCTTGTCTCCAACATGGCGGCGCCCAGGGGCTCAAGCCGCACGTGAGAAAG,79,0.64556962,0,0,peak_ESC
chr12,5325,TGTTCCCACGTGCCCTGAGCCCCCGCTCCCAGACCGCCGCCGCTTTCTCCTCAGCCCCAGGCAGCTACCCGCCTCAACTCACGGGTTGTTATTACTCATTGTAAGTAACAAGCTGCTGAGGAGCCGCACGTTGGAGTGCAGCCCCGCGGCCGCCATGTCCCGCACGTGGTCTAT,174,0.632183908,1,0,peak_ESC
chr12,5421,GAGAGCCACGTGCTCATAAGATATCCAATCACAATCACATCCTGTGGCGGCGGATTGGGGGGCGTGGACTAGAGGTTGATCGGGTTGGGCACACAGCATCACGTGACACGA,111,0.558558559,1,0,peak_ESC
chr12,5478,CTGGAACACGTGTGACTGAACATGAACTTGAGAGCGGCATCTGCGTTCAATGGTGTTGCTCAGCAGGCAGGAAATTCCAGACATAGTTTGTCTGTTGCATAGGGTGCTATTTCACGTGGGAGAT,124,0.483870968,1,1,peak_ESC
chr12,5608,CGCTGCCACGTGAGAGGGGAGTGTACGCGTGTGCGCGCGTGCGAGTGTGCGCGTGTGCAGTCCCCGACTCGTCCCGGCCCGTTCGGAGCCGCCCGGGAGCGCACAAAGGCCGACGGTTTGGGCGCGTGCGCGGGACACGGGGGACGGGCGGTGTCACGTGATCGCG,166,0.734939759,1,0,peak_ESC
chr13,5655,GCTCACCACGTGTTTCTTCCCCTCACCCTCCCACAACCTGTCCCCACCTCCCCCAGGAGCCCCACAATCCTACCCGCCTCTGTACGGTATGAAACTTCACTCATCTGGCCCTTCTTTGAGTCTCACGTGGCTCGT,135,0.585185185,1,0,peak_ESC
chr13,5669,GCGTGGCACGTGGGCCCCGCAGCCAGTCGCGCTACCGACTGGCAGTCAGCGGAGACGCTTCGGAGCAGGTCTGTTAGGGCGCGCGCACACACATGCACGTGCACGAG,107,0.691588785,1,0,peak_ESC
chr13,5702,TGGTGCCACGTGGCCACAGCATGATTCAGGATTTCTCCTGCCTTAGCCACTCCTCTAACCAACAACAGCACCTGAGTCACACTCCTGGCGTCCTTGCTGGGGCTAGGACCCACCCCTCCATTGGCAGCCTTTGTCTCCGGGGGCACGTGCAATAC,155,0.587096774,1,1,peak_ESC
chr13,5947,GCAGCCCACGTGTGAGGCGGCCCGCGGCTCCCGGTCGTGCCCCCGGGCTTTTCCGGCCATTGCTGCCGCGGCGCCTGGCACCAGTTACCTCCCCGCCGCCGCTCGCACCCACGTGCGGCCG,121,0.776859504,1,0,peak_ESC
chr13,6045,GCGGGTCACGTGTCGGCCTGCATCACGCGTGAGGGGGCGCGCGGTGCTGGAAGCTGCCGCACCTGCGGGGAGCCGAGCCGCCGGCGCTCGACGCGCGCGCTCTCGCGAGACCCGCGGGATCACGTGACGCCC,132,0.772727273,1,0,peak_ESC
chr14,6073,CTCCGTCACGTGGTGTCAGACAGACCAATCACGCGCATTCTTCGGCCACGACAAGCGCGCCTCTGATCACGTGACCAGG,79,0.607594937,0,0,peak_ESC
chr14,6354,CGCTGGCACGTGCAGTTTCTATTAACTTTAGCTCATCTCTACCTCTTAATAGAAGCAGCTGTTATGTTTCTGATTATTCTCCTGATTTTGAAAAATCCTGTTCCCTTAACCTACCTCATTGGAGGTCGTTGGAGGTCCCCTGGGACAGAACCACGTGATTATC,163,0.435582822,1,1,peak_ESC
chr15,7007,CACGGTCACGTGCTCGAGCCCGCGGGAGCGCCACATCGCCAGCCGCACCCCTCCACCCCCAACCTGCCCACGTGACCCGG,80,0.75,0,0,peak_ESC
chr15,7301,AGGGCCCACGTGGGGATACGGAGGCCCCGCGAGCCTAGAAGTTAACAACGGAGGACGGCCGGCGTGGTCTCCGGGGACTCCTAGCGGGCGCAGAGGCGTCTAGAGATCGCCCACGTGAGGGCG,123,0.691056911,1,1,peak_ESC
chr15,7539,CGGCCCCACGTGGGCGGGGCAGGCCACCCGGCCTGGGTCCCGGCTGCGCTCCGCTCGCCCGCGACCCCAATTCCTCGGGACTTGAGACCCCGTGGTGAAGCAGCAACTGCCACGATGACACTTGGGCTGGCCCTGTGTTACACGTTTCACGTGTTTTAT,159,0.666666667,1,0,peak_ESC
chr15,7559,CCAGTTCACGTGCGAGGGCTGCAAGAGCTTCTTCAAGCGCAGCGTGCGGAGGAACCTGAGCTACACGTGCCGCGC,75,0.64,0,1,peak_ESC
chr16,7847,TGTCTACACGTGTGCAGCAACCTTCCCTCCAGGCCGGATTCTGCAGGCGCTAGCGTCCACCAGCCTGTGCCACACCGGCGGGCTCCTCCTCCCTCAATCCCCGCCCAGACTGCCTCGGGCGGCAGAGCACGTGGCTCCA,139,0.676258993,1,0,peak_ESC
chr16,7866,GGGAGGCACGTGATGCGCCGTGATGACGTCAGTGGGAGCGGAGGCGATTTGGCCTAGAGCTGGGGCTGAGCACGTGGGATGG,82,0.658536585,1,0,peak_ESC
chr16,7879,CCCGACCACGTGACGGGGGCCGGCTGTCACTGGCCACGCCGCTACTCTGACGTCACCGCGCCCGCCGGGGATCATTGGTCGACCGAGGGGCACGTGACGCGA,102,0.725490196,1,0,peak_ESC
chr16,7886,TTTCCCCACGTGCCCACAGATCCCAGTCTTCCTGGGCAGCGAGGTCTTGCGCGAGTCCCGCAGCCCGGACGGGGCTGTGCACGTGGTGGAG,91,0.681318681,1,0,peak_ESC
chr16,8115,CTGGCGCACGTGGGGCCTCGCCTGCGAGGAGAGACAGCCTTCGCTTTCCACCTGCGCGTGCTGGCGCACATGCTGCGCGCACCGCCCTGGGCTCGCCTCCCGCTCACGCTGCGCTGGGTGCGCCCAGACCTCCGCCAGGACCTCTGCCTCCCGCCGCCGCCGCACGTGCCTCTG,174,0.747126437,0,0,peak_ESC
chr16,8203,CCGGGACACGTGACAGTCACAGGGTCACATTCTGCGGTCCACGAGTTTGGGACCGGGCTGGTCACGTGACGCGG,74,0.648648649,0,0,peak_ESC
chr16,8325,TAGGAGCACGTGGAGTTCTCCTAGGTGGGCTTGCACTCGGGGTCGCCCAGCCGTTCTTTGAGGGTTCGAGTGGGTAGGCTTCCCCTGTAGGACGGGCTTCCCCGTAGGTTTCCACGTGGGGCCA,124,0.629032258,1,0,peak_ESC
chr16,8466,CGGTTCCACGTGCAGAAACCCCGCCGGTCCGAGGCCCCGGTTCTAAAACGGCCCTAAGAGTCAAGGCTTCCACAGCTCGCCTCTGAGGGTGGCAAAGAGGCCGCGGGGGCGGTGCCTCGCGAGACCCAAACAAGCCCACGTGGCAGGG,148,0.668918919,1,0,peak_ESC
chr16,8506,CCCTGCCACGTGGGCTTGTTTGGGTCTCGCGAGGCACCGCCCCCGCGGCCTCTTTGCCACCCTCAGAGGCGAGCTGTGGAAGCCTTGACTCTTAGGGCCGTTTTAGAACCCGGGCCTCGGACCGGCGGGGTTTCTGCACGTGGAACCG,148,0.668918919,1,0,peak_ESC
chr16,8670,GACGGCCACGTGACTCGCGGGGCGGGGCCAGAGTCCGCGGAGGGACGGGAGGCGGGGCCTGGACTGCCTCGTGACCAGTGGGGCGGGGCCTGAGCCAGCTGTGTGCGGATGGGGCGGGGCTTTGGAGGCCGCGTGACCAGCGGCGGGTCACGTGACGCGG,160,0.7625,1,0,peak_ESC
chr17,8793,TGCGCGCACGTGTCCCCGCGATGAGGCGCGCGTGTGCCCGCCGAGGGTGCCAGCCGAGGCTGCCCTCCACGGGACCGCACGTGCGAAAC,89,0.752808989,0,0,peak_ESC
chr17,9342,CACACACACGTGGACCCGGCGCGGCGGCGGCTGGGAGGGAGCGCGGGAGGGAGCGTGCGCGGGTGGGATCGCGAGCGGCCAGATGCGCCGCCGCACGTGGCCCGG,105,0.8,1,0,peak_ESC
chr17,9360,ACCGCACACGTGTCCGGTCGACCCACGCGAGCAGAGCAAACGGAGCGAACAAGACCAAGCCGTGGGCCCTTTCTTGCTTGGCACACCCGGAGCGGAGCCGATCTCTGCTTTCACGTGATGTAG,123,0.617886179,1,0,peak_ESC
chr17,9667,GCTGGTCACGTGGCAAGAGGCTGCGCAGGCTCCTTCCGGCCCCCGGGGCTTCGGCGGCGGCGGCCCGCGAGGGGCCTGGGCGCATGCGCAGCGAGGTTCCACGTGAGCGCC,111,0.774774775,1,0,peak_ESC
chr17,9671,CGATTCCACGTGAGCCTCCCGGCCGGAGCGCAGATGGGAAGTGCGCATGCGCCTACCGCCTGGAAAGTAGGTCAGACTCCTCCTCTCACGTGACCTGC,98,0.642857143,1,0,peak_ESC
chr17,9734,CATGTCCACGTGCTCCGAGCTTGGAACCAGCTGTCGCGAGAATTCGATGTAAACAGACCAGTCTCCCTGTCCTCCGGCTCCAACCTGAAACGCTCACGTGAGCGGG,106,0.58490566,1,0,peak_ESC
chr17,9761,GCCCCGCACGTGCCAGGTCCCCGCGGTTGCGGCCACGCTCGGGACCGGGCCCTGCCAGCTCCGGGCCCGCACGTGGGCGAA,81,0.802469136,0,0,peak_ESC
chr17,9886,GGTGTCCACGTGTGCCTCGGGGTGTGTTTTTTCTCCTTGAGTCCGAGGGGACGCCCTGGAGCTCAGGTGCTCAAGGGCGTGCGCGGGGCTCGGCCGCCGGTGTCCCTGGAGATGCTTCTCTGGTCTGGTGTGACACGTGTGTACA,145,0.64137931,1,0,peak_ESC
chr17,10142,AGAACCCACGTGCGCCGGCCGCCAGGCCTGGGCATCTCCTCTCCTGCAGCGCCGCCTGCTGGCCACAGAGAACCCACGTGTGCCGG,86,0.720930233,0,0,peak_ESC
chr18,10400,GGTGGTCACGTGGCACGCGGCGCGCGCGGGCTTCTGGAAACTGTAGTCCTTTGGGTGTTATTCGTGCCTCCGCCCTCCTAGTACCTCCTGGGCTACCGCAAAGCCACGTGGCGAAA,116,0.629310345,1,0,peak_ESC
chr18,10472,GCCTCCCACGTGACCGGCGCGCCGGCCCCGCCCCCGGCGCCCTTTTGGCCTCTTCCCGCGGAGGCCAGGCTTTGGGCTAGCGCCGGAGACTTCCAGGCGGACTCGAGAACCACGTGGATGCT,122,0.729508197,1,0,peak_ESC
chr19,10627,GTGCGTCACGTGCCGGGCCGCGGGGTCCTCCCCTCCCTCCCTCCCTCCCTCCCTCTCTCCCTGTTGGAGTGGGCGTGGGCGGTGCTGTGCGGGGTCGTCACGTGGTGTGG,110,0.736363636,1,0,peak_ESC
chr19,10654,GCCGGGCACGTGGTCCAGGCCCCGCCTCCGCCCGGCGCTCGGGCGGGAACCCGGGCGCATCCGCACGTGCGGGCG,75,0.84,0,0,peak_ESC
chr19,10657,GCACCCCACGTGGAAACACCAGACAACCCTACGGAGGCCACCCCCAGCCCGGCTTCTATGGGGGCCACCCCTATGCCGTCCCGCTGCCCACGTGGGCTCA,100,0.69,1,0,peak_ESC
chr19,10673,CCCGCTCACGTGGTCCCACTCCCGCCGGGGCCAGGGGGCCCGGGCCAGGGTCGCCTCTCCGGCCTGGGTGCCTGCCAGCCCCGCCCCGCGCTTGGAGACTGAGGCGCGCACATGCGCACGTGGGTGGC,128,0.7890625,1,0,peak_ESC
chr19,10733,GCGACCCACGTGCGTAAACGGCCTCGCTATTGGCCGGCGCCGCCAGAGGCCTGCCCCCCCCGGAGCCCGAACCCACGTGCAGCTA,85,0.729411765,1,0,peak_ESC
chr19,10940,AGTAGACACGTGCCCGCTGCACCCTGGGTAAATACAGACCCGGAGCCGAGCGGATTCTAATTTAGACGCCCGCGAACGCTGCGCGCACGCACACGTGTCCTCG,103,0.621359223,1,0,peak_ESC
chr19,10950,GCCAACCACGTGCGCACACACACTTCCAGCCGACACTGAAAACACAGACAACCCTCGGAAGAGGCCACGTGCGCGCA,77,0.61038961,0,0,peak_ESC
chr19,10962,TTGCATCACGTGGTAATGGCCGCTCAAAAAACGCCTTAGCGAAAACCAGAGCGTGCCCTCGTCACGTGATGGAG,74,0.540540541,0,0,peak_ESC
chr19,11040,AAAAAGCACGTGGGCAGAGCTGGCAGCGGAAGGGGCGCTGCCCCGTGTGTTTCCGGTAGTGGCGGGTCAGCTCGTCCGAGCGCGCGAATCTCCAGCCGCAGCCTTCCCACGTGCAGGCG,119,0.680672269,1,0,peak_ESC
chr19,11046,GGAGACCACGTGTGCGGGCCGAGCAAGAAGCCCCGCCCACAGCGCGGAGTTTAGTCTGCGCGTGCCTCGCTCGAGAACGCGCTCGTGCGCATGCCCACAAAGGCCAAGGAGGGAGTGCGCAGGTCACGTGCGCCGG,136,0.691176471,1,1,peak_ESC
chr19,11221,CGGCCCCACGTGCACCGCGTGCATGGTCCCTCGAGGACGCGCATCTGCAGCCCCCGCTCCCCGCAAACCTCCAGGCCGGAGAGCTCCGGCCAAGGCCGCTGCATCACATGATACAGGAGGGGCATGCACACGCTCACGTGCACACA,146,0.684931507,1,1,peak_ESC
chr19,11227,CCAGGCCACGTGGTCCAGGGCAAGCGGCCTCAGTTTGCCCATCTGGGAAATGGAGGCGAAAGGGGTACGGATCCCTCAGAGGTGTTGATGATAAAACAATGGGACCCACGTGCGCCAG,118,0.593220339,1,0,peak_ESC
chr19,11284,CCCGGGCACGTGGGGGCCGGGCGGGGGTCCCGGAAAGTCGCGGCGTCGCCCCGCTTCCGTCCTGCGCTTCCTGCGGGGTCGGGGGAAGGGCTGGGCCGCGAGGCGCCTCTTCCGAGTGGTCGGGACGGGTGGAGGCGGCGGGAAGACGGCACGTGGGCGCG,161,0.788819876,1,0,peak_ESC
chr19,11429,CTGCCTCACGTGACGTCCGTGGAGTCTCGTCACGTACCGGGGAGAGAGCTGAGAGCGCCTGCCTACTAGGCGCCCCTCCACAGTGCCACAGTCCCGCCCTCGTCACGTGACGAAT,115,0.652173913,1,0,peak_ESC
chr19,11618,CGAGCCCACGTGCGGCTGCAGTTGTCACTTCCGCCTGGCAGCGCGCGCCGCAAACAGGCTGCGTAACCAGTGCGCACGCGCCGGGCTGGGCCATCCTCCTGGGCGTCCGCACGTGGCTTAG,121,0.710743802,1,0,peak_ESC
chr19,11776,AAGAGTCACGTGAACCGCCAGACTTTCCTGCCCAGTCCCTATCCCGTGGAGCTGCTTGGGGCTCCAGGTGCCTGGAGCACCACGTGCACGCC,92,0.641304348,0,0,peak_ESC
chr19,11791,AGTGACCACGTGGGCAACGCCCTCGGGGCCTTAAGCCGCGCCATTTTTGGGGCTAGGATTGGTTGGACCCTCCGTCACGTGACATGC,87,0.620689655,0,0,peak_ESC
chr19,11803,CTTCCTCACGTGGTGCAGGCAGGAAGTGACGCGCCTGGCCCGGGAGCTGCGGTCGCAGAGGCCGACGGAGCCGGAGTCGCGGACGCCGCGGGGTCTCCGGGACAGGTGACCTGGGGGAGGGGGCCGGGAGCGCGCCCAGAGAAGGCGGGGCCTGAAGCCCCACGTGGCGGGG,172,0.761627907,1,0,peak_ESC
chr19,11848,CCGAGTCACGTGCTGACGCCTGCTTCCCTCCTCCTCCCTTCCTCCCAGGCCCCCGCCATCGGCGCCCTCACGTTCCCCCGGCCCCGCCCCCCTCGCGCTTGAAGGCGCCTGCGCGAAGCGCGGAGGAGGGATGGGAGGACTCACGTGGCGCAG,153,0.738562092,1,0,peak_ESC
chr19,11907,GGCCCCCACGTGGCCGCTGCGCGGTGGGTGGGGAGGGGGTGTGCCGAGTCCAGTGGCCCGGCGGGCTCCACGTGCGGGAC,80,0.8,0,0,peak_ESC
chr19,12061,GCCCTTCACGTGCGGCGCCTGCGGCAAGGCCTTCAAGCGCTCCAGCCACCTGTCGCGGCATCGCGCCACGCACCGCGCCCGCGCCGGGCCGCCGCACACCTGCCCGCTCTGCCCACGCCGCTTCCAGGACGCCGCGGAGCTGGCGCAGCACGTGCGCCTC,160,0.775,1,0,peak_ESC
chr19,12064,CTCGTTCACGTGACGTCCCCAGCGTTCCGCCGCGCGCTAGGCGAGGGGAAGGGGGCGGCGGGGCGCGGGCCCGTGACGCATGCGCACGGCGGCTGTCCCTGCGCCCCACGTGGTCCTG,118,0.771186441,1,0,peak_ESC
chr2,12337,AACATTCACGTGAATGGAGTCCTGCACTGTCGGGTGCGCTACAGCCAGCTCCTGGGGCTGCACGAGCAGGTGGGACTAGCACCCCTGCCTTGAGACAGCTTCAAGCCCTTCCCTACACGTGGACATC,127,0.598425197,1,0,peak_ESC
chr2,12486,TCCGACCACGTGACATTCCCCCTCAATCCCCGAGACTCCCCGCCGTCGACCCCTCCCTTCGGGCCGCAGCCCGCTTTACCCCGCCTCTCAGGCCCACGTGACCGCC,106,0.70754717,1,0,peak_ESC
chr2,12896,TGGCCCCACGTGCGGCGAGGAGGGCGCAGTGAAGTTCTGCTGTGTGCACCCCCTGCAGCTCGGCCGGGAAGCGCCCGCTGGAGGAACGGAGAGCGCCGCTTCAGCGTCGGCCACGTGGGCCGG,123,0.731707317,1,0,peak_ESC
chr2,13247,AATCCGCACGTGGCCTGGTTCGCCTGGAAGCTGCCAAAGCGAAGGCAAGAGAGCCCGGGACCCTGCTGTAAAACAGCAAGCAGCACGTGTCCCAG,95,0.610526316,1,0,peak_ESC
chr2,13498,GGAAACCACGTGTTCTGCCTTCTGCGCACGCGCCAGCCAAAACAAAAGGGAGGTCTGCCAAGCCCCACCCCCCACGTGACCGGC,84,0.642857143,0,0,peak_ESC
chr2,13506,GCGGGCCACGTGATAAGCCCGGAAACAGCTCCGCCCCCTCGCTTCCTGAGCCGCCACATCCCGGCAGCCCTCCTACCTGCGCACGTGGTGCCG,93,0.709677419,1,0,peak_ESC
chr2,13618,GCCCACCACGTGTCGGCTTGCCAGGCCGGGGCGGAGACATCCGAGCGCAGCCGGGACTCCGACTAGGGCCGATACCGCCATTTCCCGGCCCAAGGCACCCGGTCCCTCTGGAGATTCCAGGACCCACGCGGCGCGGCCCACGTGGCAGGC,150,0.726666667,1,0,peak_ESC
chr2,13755,CGTGACCACGTGTGGAAGGGGGCTGATCGGAGGTGTGGCCACATGTAAGGGGGCTGGGCAGGGGGTGTGGCCACGTGTGAGGG,83,0.674698795,0,0,peak_ESC
chr20,13901,GGGCGCCACGTGCTCCCCCAGAGCAGCCTCCCAGTCCCCGCTGCCGTCCATCTTGGAGCCGGGCAAAGACGCCACGTGGGGCCT,84,0.726190476,1,0,peak_ESC
chr20,14098,TGGGTTCACGTGGATGTGGGTGGGAACAGCATGTGTGCCCGTGGACCCGTGTGAGCTTGGGCTCGCACCCCCAGCGCTGGCCACTCCCGGCGGGACCCACGTGTGCCCG,109,0.697247706,1,0,peak_ESC
chr20,14209,GGAAGCCACGTGCAGACATCTACAACCTTCGATCTCCTGACGAGTAAGTCTTTGTCTCCTATGGGTCTACTGTAGAAAACACGTGCTTTGA,91,0.472527473,1,0,peak_ESC
chr20,14225,GCCCCACACGTGCTGGGCGCTCCGTAAACACTGGATAAGGGAAGGAACGGGTGCTCTTGGCTAGCTGGGCCAGGCTGCTTTGCAAAAAGGCCGTGGCATTTCAAGCCGCCGAGAGCCACGTGCGGTGT,128,0.6171875,1,1,peak_ESC
chr22,14814,TGCACACACGTGCAGCCGCATTTCCTGGTGCGCTTGCTGTGAGGGCACAGGGGTGGGTAGGCTGGCAGGCACGTGAAGTTG,81,0.62962963,1,0,peak_ESC
chr22,15016,GGACTCCACGTGCGCGGAAAATGAACTCGTACCCGCGACGCGGCCGGCGGGGGCGGATGGCAGCGAGGGCCGGACAGCGAACCTTTACCCCGCGGAGGAGTCGGGGCCGGAGCCCGCACGTGGGTCTG,128,0.7265625,1,0,peak_ESC
chr22,15021,CCCCAGCACGTGCCGGGCTCTGTTCCGGGCTGGGCTTAGCCACCCCGGAGCTGCGGCCCGGCTATTTTCAGCTGGGTGTTCCCTGTCCTGAGGAGCTGCGGCCCCAGGAAAGCAAGGGCAGGAGATCCGGGAGCCGCCACCTGTTGCCTCACGTGTTCTCA,161,0.670807453,1,0,peak_ESC
chr22,15038,GCCCCGCACGTGCGGCGCCTCGTGCACCGCCCCGGGCCCCGCCCCCGCCCTCCATTGGCTGTTCCCGCGCCTTCCTCCTCTGCCCCCTCCCCCCGCGACCAGACTCGGCTGCGGCTCCACGTGACCCGC,129,0.790697674,1,0,peak_ESC
chr22,15061,TGGGGGCACGTGCCTCCTTATAGGCGGGGCTTCGCGGGACGGGACGGGGCCTCTTAAAGGAACCGAACCTTTATCTCCTTTTCTGAGGGGCGTTCCAGCGCTACCCGTGGAACACGTGGTGGAC,124,0.620967742,1,1,peak_ESC
chr22,15074,GCACAGCACGTGCAAAAACCCAGAGGGGGGAAAAAGCATGTTCCCTCAGAGGAACAGAAAGAGCTTTAGGTCGGCACCAGCCAGACCACGTGGCCCAC,98,0.571428571,1,0,peak_ESC
chr22,15163,TGTGCACACGTGTGTGTGCATGCACGCGTCTGCACCTGGGCAGGACCTGGCCTAGGAAGAGCCTGGAGCCAAGACTAGCAGTTCTCCCCTCCCCCGCCCCCAAATGACGTGGCCGCTGCCACCGCGTGACTCACCCTCCCTTCACTCAAAGGGCACAGCAGCACGTGGGGGCG,173,0.653179191,1,0,peak_ESC
chr3,15320,GACTCGCACGTGGAGGTGGAGCGCGGACGCCTCCCTCAGCCAGGGCAAGACTAAGGAGCTGGGTGAGGGACCGGAAGGGCTGGAAGGGGTGGGCACCTGGGGGCTGCGGCGAGTGGCGATGGGCGAGCCGGACTTGCACGTGGAGAAA,148,0.689189189,1,0,peak_ESC
chr3,15338,GGCGGTCACGTGGCGCAGGATGCACCCAACACCACCGTCGCAGGCAGAGTCCCGCCCCGCCAGGCGACGTCACGTGACGCAC,82,0.719512195,0,0,peak_ESC
chr3,15352,GCGAGCCACGTGCGCGCTGTGTTTACGTTCGGCGGCGCGCGGGCGCCGGTTGGCTGGGCGGGCGCGTGACGCGGCATTACATAATGGGCGCTGAGGCGGCGGCGGCGGGCGGGGACACGTGAGGCCG,127,0.755905512,1,0,peak_ESC
chr3,15474,GGCGCGCACGTGCACACGCGCGCCTGCACAGCTCTGCGGCTCTGCTCCGGCCCCACAGGCCCATCTTAAAGTGTTTCGTGCTCTAACTTACCAAACACGTGGCAGCC,107,0.635514019,1,0,peak_ESC
chr3,15604,AAAGCACACGTGTGAGCACCAAGCCCCGCACCTCCCAGCAGGAACATGTGCGCCCCCACCCCCACCGTGCACGTGGGTCCA,81,0.666666667,0,0,peak_ESC
chr3,15830,GCAGCCCACGTGGAAGCCGTGCTCGCACAGGCAGTTCTGCCACCACCGGGCGGAGGCCGGCACCACCCTCCTTGCTAAGCCTCCAAACTTTCCGTGCGCTCGTCACCGGTGTCGCGACCATTAGCAGGCCACGTGTGCGAC,141,0.666666667,1,0,peak_ESC
chr3,15930,GGAGGTCACGTGACGGATGCTGGGCGGGACCACGCAGCTTTGTTTTGATACCCCGGGTGTGGAAATACAAACACGTGGTCTGA,83,0.56626506,0,0,peak_ESC
chr3,16154,AGGTTCCACGTGCTGATGAATATGCATGAGACTCCCCCGCCCTCGCGGGCTAGAGAGAGAACCAAGCAGAGGCTCCGGCCTGTGAAAGTCGCTGGCTAGGCTCCCAAAATAGTGCGGCGGGGTAGCTGCACGTGTTTGTT,140,0.585714286,1,0,peak_ESC
chr3,16236,TGCGCCCACGTGGAGTCGGAGAGGGTGGGAAGAGGCAGGCGGAAGGGCGAAGGGCGGGGAGCTTTGGGTGGGCGGGGGACTTGTCCGGGCCTGAGTCTGGGTGAGGTTCGGTGAACACGTGTGTGTG,127,0.677165354,1,0,peak_ESC
chr3,16321,TGAGCCCACGTGAGTCTGACACCTTGAGTGCGGCCCTAGGAAATGACTTGGCAGTACAGCCGGAGGATTCAGGGTCTGGACGATAGTTTTCCCAGCCGGAGGATTCTTCGAAGAGCGCTTAGTAAAGGACGGAAGTTCCACGTGTTTGTG,150,0.54,1,0,peak_ESC
chr3,16326,GGCTGTCACGTGACGGGGCGGGGGCAAATCCCATGTGCTCGGCGGCGCAGATCGCCCGGCGCGGCTCCGCCCCCTGCGCCGGTCACGTGGGGGCG,95,0.778947368,0,0,peak_ESC
chr3,16367,CAAACCCACGTGCGCACAGCCCCGGGGAACACGGATTTCTCCACGGCACCGTCAGTATGGGGTGGGGTGGCGTGGGGGCATTGCGCCTTGCAGAGTCTGGGTTTACGGATCGACAAATTGAGGCCCGCGGCAGCGGAGGGGGCACAGGCACCATAACAAACGCACGTGCGCCCT,174,0.643678161,1,0,peak_ESC
chr4,16690,GCCCCGCACGTGCCGCTGGCGATCAGTCTGCAGTTCCCCAGCCAGTGCAGGTTTCGTGTGCAAGGGGAGAGCTTCCGCGGCTAGGAGCTGCCGGCCTTGGGGGGTTTGCGGTGGGCGGGCACTGCGCTCTTGGACACGTGGGTGGC,146,0.691780822,1,0,peak_ESC
chr4,16835,CGCGGCCACGTGCGAGCCGCGAAACTCTGTCCCGCCTCCCTGCAGCAGCGCCTCTAGGCAGCCGCGCGGGCGCACACGTGGCCCAG,86,0.755813953,1,0,peak_ESC
chr4,17027,TGCGATCACGTGCCTGGGAGGAGGAGCTGAGACCTCAGGGGAGGGGCGCGCGGTAGCGTCCCGGGTCCCCTAGCAGGGCTCTAGAGACCACGTGAAGTCT,100,0.67,1,0,peak_ESC
chr5,17637,AGCAAGCACGTGCTGCGGCAGGGCGCGGGGAGGGCGCGCTTCGCGGAGGAAGATTCCGGGCGGCCCGAACGTGCTCGCGCCCGTAGCTGCCGCTGCCGGGGCCGCGGCCGCCCGGGTGCCCAACCGAACGCACGTGCGCCAG,142,0.774647887,1,0,peak_ESC
chr5,18067,CCGCATCACGTGGCGGCGCGCGGAGCAAGGGGCAAGGTGGGGGCGTGGGGCGGAGCTGCCTCCCATAGGCTCACTGGCGGGTCCCGTCACGTGGCAGGG,99,0.747474747,1,0,peak_ESC
chr5,18102,TAGGGACACGTGGTTCTAGATACTTCTCCCCCTCCCACTCAGGGGTGGATTGTTGACAAGGCCGCGGGCAGTCACGTGATCTTA,84,0.55952381,1,0,peak_ESC
chr5,18210,CGGACCCACGTGGGGGGGGGTGGTGAGTGGGCGGTGCAGCTCTCCGCGGCCGCGGCGGAGAGCACCGCCCCCTGGCGGTTGGAGCAGCGCAGGCCTCTGGCTCCCACGCAGCGCCCACGTGGCTGTA,127,0.763779528,1,0,peak_ESC
chr5,18324,CTGACACACGTGCTCTCTCACTCCCAAACACCACGGGCCGCAAGCGCTCACACCCACACTCACCTGCAGGGACCACGTGGGAGAA,85,0.623529412,0,0,peak_ESC
chr5,18383,CGGCGACACGTGACAGGGGTGCCCGGCCGGACTCAGCCCCTGATTGGCCGGGCTGTGGAACGCCTCGCGATTGGCCCGAGGCCGGCGGGCCCCCGCCTCCCTCCTCCTCCTCGCCGCGGCCCACGTGAGGGGG,133,0.77443609,1,0,peak_ESC
chr5,18392,GGAACCCACGTGTGCATCGCTCAGAAAGCTCTCCGTACTGCCCCAAGCGGTGTAAGACCTCACCGCTGAGATTTCTAAGCTATCTTTTGTTTTGCTCTCGGCTTTCGAAAATCAAAGCTGCCACCCGGCGGCCTCACGTGCAGCCC,146,0.554794521,1,0,peak_ESC
chr6,18681,AAACCACACGTGTGCGCCGCAAGGCTGGGCCTGTCTCAGCCCACTTCCCGTCGCCACCCCCAACGGCCTGAGCTCCCCCGGAGCCTCACTCGGGCCTTTCCTCAGGCCCTCCTGTCTGCTCCACGTGGGGCGC,133,0.69924812,1,1,peak_ESC
chr6,18865,CACTGTCACGTGAGGGGGCCGGTCCTCTTCGGCGGCGGCACTCAGTGAGTGACGCCAAGTGGCCAATCACAGGCCAGCCTCGCAGGCCACGTGAGGCGA,99,0.676767677,1,0,peak_ESC
chr6,18965,GCGCCACACGTGGCAAGGACAGTGCCTAACGCAGTTGCTCCAGGGGGACAGGGACGGAACGCGCACGTGGCAACC,75,0.666666667,0,0,peak_ESC
chr6,19287,AACACCCACGTGCGCTGGTAAACAAGCGCGCGCGGCTACCAGGGCCGCGCGCCCCGGCCCAGTGTGTGTGGCGCGCGCCCGCCCTCCTCCCGCACGTGTCGGCC,104,0.759615385,1,0,peak_ESC
chr6,19537,CGCGGACACGTGCCGGTGTCCAGAGCCGGTGGGAGAGGCGCTGTCACCATCTGACAGGAGAGGAAGGTGGAGCGCAGAGAAGTCAGGGTCACGTGGTAAGT,101,0.633663366,1,0,peak_ESC
chr6,19565,TGCGCTCACGTGACCCGGGCCTGGGAGGAGCCGGGGCGGGCGGGGGTCACCTGAACAAGGGAGTCACGTGAGCGGG,76,0.736842105,0,0,peak_ESC
chr7,19673,CCCCTGCACGTGCCGCCCGGGCCATGCTTGCCGCGCCGGGGGCCCCAGGGCGCGGACCCCAGACCTGGGAGGACGAGGATCCACGCGGGTCGGCGGCGCGCATCGGGCCCGCGCCTTCACACCTGCGGGGGGCGGGGCGGGGCGGGCGCCACGTGCGGGCG,161,0.826086957,1,0,peak_ESC
chr7,19697,CACGGCCACGTGGAAAGACTGGCTGGCCCGGGTCTTACAGCGCTGAGGGTCGGTCTTCCAGCGCCTTAGGGGCCAGGCGTCCCTCCAAGAAGGCGAGGAAGTAGGCGGAGCTTCTGCCGGCGGACTAATGACGGTACAGAGGCGGGGCCGAAGGGCGGGGACACGTGGAGGGG,173,0.676300578,1,0,peak_ESC
chr7,19891,GGGGGGCACGTGACTTCAACCAACCCAGTAACCAAGTTTTGTTTTCTTCCCCAGCACAGGCCGCTGCCTCAGCATCCACCCCGCAGCCCACGTGTGGCAA,100,0.6,1,0,peak_ESC
chr7,19893,CAAAACCACGTGTCTACGCGGCAGCGACACCGCAGGTGTTACGTGCCGGGTTTCTTCCCAGGATGGAGACCGGCGCGGGCTGGGCCGGGAAGCAGCCCCCGGCGCCCCGGCCGAAGGAGAAAAGGAGAAGGGTAAAAATAGCCGGCGGCCACGGCCCACGTGCAGCCG,168,0.678571429,1,0,peak_ESC
chr7,20001,AAGTAGCACGTGTAGTGAAGGCTTGGTCTCCAAGAATCACTGGTGCCCCCACTCACTGCGGCCCAGCCTCCCACGCCGCCCGCCACTGAACCCAATCCCCCAGGACCCCTACCTGGGCTCAGGAATGGTCAGGCAACACGTGGGGCCC,148,0.641891892,1,0,peak_ESC
chr7,20338,CCCGGCCACGTGGCGCGTGCCCCCGCCGGGCTCCCGCGGGCGCCCCCTGGCGACTGGGCGGTGAATTCCGGAAACAGAGGCCCCCCCAACAACCCCGCGACGCACGTGCTCTCA,114,0.763157895,1,1,peak_ESC
chr7,20631,CGGCAGCACGTGGGGGAGCCCGGGGAGCCGGCGCTTCCTTCCGCGGGGCTGGCCCGGCCCTCTGCGTCGCAGCCGCTCTCCGTCCGGGCTGCAGCCAGCGGCGAGCGGCGGCCCCACGTGCCGCCC,126,0.817460317,1,0,peak_ESC
chr7,20733,TGCCCCCACGTGGCCACCGCTCCACATGGCCCCCTTTGGATTTTCCTAAGGAGTCTTAATGATTAACCCCGTGCCACAATCAGCTCCGCTATTGGTCACACTGGCCCAGAGGGGCACGTGACTGGG,126,0.587301587,0,0,peak_ESC
chr8,20813,CCGGCGCACGTGGGTTCTCTGTGGCCAGCAGGCGGCGCTGCAGGAGAGGAGATGCCCAGGCCTGGCGGCCGGCACACGTGGGTTCT,86,0.720930233,1,0,peak_ESC
chr8,21095,AGGAATCACGTGCACAGCATGCGAGCAACCTCGGGCCCTCAGTCCCCAGCACCGGGACCCAGCGGCGGGCGGGCGTAGGGTGGCGCGGGTTCTCCTGCAGCTCCGGCCGGGGGATGGAGGGGGCGGCTCGCGCACGTGGGAGGA,144,0.736111111,1,0,peak_ESC
chr8,21503,CGCGTGCACGTGCGTGGCGGATACCGCCCCCTCTGCTCTCTTGGCCAATGAGAAAAAGCTACGTAACTCTCCACCGCCCGGTGGCGGGTCACGTGACTGCG,101,0.643564356,0,0,peak_ESC
chr8,21517,CCCGCCCACGTGGAGTTGACAGTTAAGTGGAGAGGTGAAGGTGGTCAGGCGAATACCTATAATAGAGGCAGATTGGACAGTGCCCTGTGAATATCACGTGTCGTTA,106,0.509433962,1,1,peak_ESC
chr8,21610,GCCCCCCACGTGGGTGGGTGACCGTGGCGCGCGCGGCCTGGGAGCGCCTCCAGGATCGCAGGGCCCGGGAGGCACGTGAGGTGC,84,0.785714286,0,0,peak_ESC
chr8,21630,GAGGCGCACGTGCCACCCAGCCCACGCGCCCTCCCCGCCGCACCCTCCCTCCAGCCAGGGACCCGCAGAAAGGGCGTCATGGGTAGGGGTGCCTGGCATCCCACCGCCTTAGGCCTGGGGCTGCGGGCACTACCCACTGGGGGCAGTGAAGCCGGAGGGCGCCACGTGGGTCCC,174,0.74137931,1,0,peak_ESC
chr8,21696,GCGGGGCACGTGCTCGCAGGTGATGAGGTGGGTGGGCAGCGCCTGGGTGTCGTGGAAGATGACGAAGATGCTGGGCTGGCAGATGCAGTCCACGGCGCTGTCGTAGCGCAGGAGCACGTGGCCAGG,126,0.674603175,1,0,peak_ESC
chr9,22221,GTCGCGCACGTGTAAATTGCCCCCAGGAGCCTGAGGGAGCAAAGCAGCCGCCCCGCCCCGCGGGCAGCGCGTTCAGCGGCCACGTGACACAG,92,0.706521739,1,0,peak_ESC
chr9,22344,TGTCCCCACGTGGAGCTCAAGCGTCTGGCTTGAGCCAGAAGGTGCCCTGAACACTCGGTGGCCCCAGCCCCCACGTAACAGCACGTGCTCGGG,93,0.655913978,1,0,peak_ESC
chr9,22455,GGTGAGCACGTGCAACGAAGCCCAGCCCTGTGGGCGGGGCCCTGGAGGCGGGGCTTGAAGGTACTCACGTGGGCCTC,77,0.701298701,0,0,peak_ESC
chr9,22466,AACTGCCACGTGGGGATGAGATTTGCTGGGCTGGTAGCGGCGGCTGCTGCGGGAGGTCCCGCCCACGTGAAGCCA,75,0.666666667,0,0,peak_ESC
chr9,22551,CAACAGCACGTGTTTAAATCTTTTGGAGGCCAAAGGAAAAAAAAAAGAGGATAAGTTCTCAGTAGGGGCAGGCCTGTCTACCTGGGGGTTTGGGAACGAACTGGGGGATAGGCTGCGGGGGTTTCACGTGAAACCA,136,0.5,1,0,peak_ESC
chr9,22580,GGTGTTCACGTGTGTGCATATGTGCCAGTGTGCACACGTATGCGTGCTCCCATAACATGCATGTTTTTCTGAGGGTGTGTGCACGCGTGCGTGTGTGCATCGTGCGGTGTGCGTTAGGTGCACACGTGCATGCG,134,0.559701493,1,0,peak_ESC
chr9,22664,GTCCCGCACGTGTTCCTGTGCTCCCCTCACCCCCAACCCCGACACAGCAGGCGCTCATGAGTAGGGGCGAAATGAATGAATGACCAGCAGTACATTCATTCCGTCCTTTGGAGTGGGGGGCCTCAGGTCTCAGGCGGACACAGACTGAGCGCCTGGCACGTGGCAGGC,168,0.619047619,1,0,peak_ESC
chrX,22864,TGCTCCCACGTGGTTCGGCTGCGCACCCCGGGCTGGGAACCGTGGGGTTCCCTGGCAGTACCCTTCTGGAATTCTCCTTCCCCAGCCTCCCAGTCACGTGACTGCT,106,0.650943396,1,0,peak_ESC
chrX,22963,GCCGACCACGTGGAGAAGGGATAGCCTCTCCTCCCAGACCCCAGACTCACGCTGTCTCTCTTGCCATCTGTGTCTTTCATTCCCCGGTCCCCCGCGCCACCCCCTCTCCTTCCCTCCACCCTCACCGCGTGGCCAGGCGGCTCACTCCTTGCAGGGACACGTGTCGGCC,169,0.662721893,1,0,peak_ESC
chr17,10142_2,AGAACCCACGTGCGCCGGCCGCCAGGCCTGGGCATCTCCCCTCCTGCAGCGCCGCCTGCTGGCCACAGAGAACCCACGTGTGCCGG,86,0.73255814,1,0,peak_ESC
chr17,10142_3,AGAACCCACGTGTGCCGGCCGCCAGGCCTGGGCATCTCCTCTCCTGCAGCGCCGCCTGCTGGCCACAGAGAACCCACGTGCGCCGG,86,0.720930233,1,0,peak_ESC
chr19,10962_2,CCTCGTCACGTGATGGAGGACTCCCAGTACGGCAAAGGGAAGGCGCCAAAAGTTGTCAGATGGCGAAGGAAACCGCGAAATTCGCCATTGTCACATGATGGAGCAACCTATCGAAAGCGGAGGGAAAGGTGCCGAAGTCACGTGACTACG,150,0.546666667,1,0,peak_ESC
chr19,10962_3,TTGCACCACGTGCAACTCACGCCCACCCCCTCAGCCCCCCCCTTATCTCTTTTCGCCCCTCCCTCCCATTTGGGTTGGGCCTGCGTCGAGGCGCAACGCGGCGTCAAAGGGGGCGGGGCTTCAGCCGGTCACGTGTTCCCG,141,0.673758865,1,0,peak_ESC
chr19,11429_2,CCTCGTCACGTGACGAATGGGCCATAGCGAGTACTGTGCACCTGCGCAAAGCCGGCCCTTCGTCACCCCGACTTTCATCACGTGTTGGGG,90,0.611111111,1,0,peak_ESC
chr2,13618_2,GGCCACCACGTGCCCGAAACACAGCGCAAAAGGCACGCGGCAGAGCCACCTTCCGGGGCCCACCACGTGTCGGCT,75,0.693333333,0,0,peak_ESC
chr22,15074_2,CCAGACCACGTGGCCCACACAGGTTAAGAAGTCTGGTTTTTGTTTTAGAAGCTACCTGATAAAGCCACTGGAGGGAATGCAGTAGGTGTGGCGCCTATCGTGGGCGCGGCAGACATGATCGAATCTAAATGTCCTTAAAAGAACATTCTGGCACGTGGGTGGA,163,0.503067485,1,0,peak_ESC
chr15,7007_2,CCTGCCCACGTGACCCGGCCTAGTTTCTCCAGGCCCGTCCCTACGTCTCACTCGGGAAGCCCCGCCCCACGCTGAGCGCTCCGCCTGCGACCCTCCGCCACTTACCCACCCCGGCTCAAGCACGACCCGTGGATCCACGTGCTTTTT,147,0.680272109,1,0,peak_ESC
1,36,GCCCAGCACGTGCGCCTGGCATTGCGCCCCCGCCCCGGGCCTCGGGGTGAGCGGGGGCGCCAGTTCCCACCCAGGGAGGCGGCTTGCACGTGCCCCCG,98,0.795918367,1,0,peak_dMS
1,166,TTCCCTCACGTGCTCTCCGTCCGCGGCCTGCGCACACACCCATCCTGGGGCCCGCGCCCCGGGCCTGCCCTGGAGCGCCCCGCGCTTCAGACTCACCCACGTGTGCGGC,109,0.752293578,1,0,peak_dMS
1,219,GCCCGTCACGTGGGCCGCTACTGAGCGAGCGCGCTCCCGACGCCCTCCCAAAAGCCCTCCCCGCCCCCCCTTTCGCCCGCGCACACGTGCGCGCG,95,0.768421053,1,0,peak_dMS
1,248,GATGGACACGTGTTGGCTGGAATGTCAAGGCTGTAGCCAGGCCCCTTATTTTAGACACTTAGAAATCAGGACTCTGAGAACTTAGGCCAAGTAAAAATTATCAAAACAAAGAAACAAAACACGTGGTGGCA,131,0.427480916,1,2,peak_dMS
1,355,CCCTGACACGTGACTCAGGCAGGCAATGGCACCCAGGAGCGTCGAGCGCTCAGACGCGGAACTACGACAGTAAGAGGAAGCGGCGGCCATCCGTGCGTCACGTGGTGGAG,110,0.645454545,1,0,peak_dMS
1,530,CCTGCGCACGTGTCCGGGAGAGCGCTGACCTCCGGGCCAAGGCCACTGTGTACTGGCCATTTGCCAAAGCGGAGCTGGCCTCCGCGCGGTTCCCAATTAACCAAAGCCACGTGGATTTG,119,0.630252101,1,0,peak_dMS
10,552,TGAAGTCACGTGGTGGTGGACCCCGCCCCCAGGGCCCGGTTGGCTGTGGCCCCGCCCCCGAGCCCTGGGGTCGGTGCTTGCTGCCTGCGGCTCTCAGAAGCCTCTGCTCCACCGCGGCGAGAGGCATGGGCACGTGGCTGCC,142,0.732394366,1,0,peak_dMS
10,555_2,GGCGGCCACGTGGGCGAGGAGCGCGGGCCGGGCTGCCTCTCGGGGGTGGCGGCCTTGGTTCCTCCCGCGGGGCTGGGCTTGCCGGGGCCCGGAGCCCGCCGGGAAGAGTTCGGAAATCACACGTGTCCTTT,131,0.748091603,1,0,peak_dMS
10,621,GCCCGCCACGTGACCCGTAGTGTTGTGGTCTGGCCCGCGTGGGTGGCGGGAGCGCCGAGAGGGCGGGGGCGGCGATGGGGCGGGTCACGTGATGGGG,97,0.762886598,1,0,peak_dMS
10,681,GGCGTACACGTGGTGACCTGCCTGCGGCTGGGTTCCCAGCTCCGGCTCCTCCTCCCTCCAGCTCTCGCTCGGCTTCCTGCAGTATCACGTGCAGCTG,97,0.670103093,1,0,peak_dMS
10,694,CGGAGCCACGTGGGGTTGGGGGAGCAATTTTCCCGGGAGAACTTGTCTGCCTCCCCTCCCCCTCTAGGCGGCCCGGGCATCCACGTGGGTCGG,93,0.688172043,1,0,peak_dMS
10,702,GCCCTGCACGTGGAGAAGCCGCCGGCGGCGCTGCACTGCGTGTTCTGCCGCCGCGGCCCCCCGCTGCCCGCGCAGAAGGTCTGCCTGCGCTGCGAGGCGCCCTGCTGCCAGTCCCACGTGCAGACG,126,0.761904762,1,0,peak_dMS
11,747,ACGCGACACGTGCATCGCGACGGCCCAGGCACGGAGCCGCAGGAAGCTGGCACCTGACGCGCCTGCGCCCACCCAACTCGAGTTGGTGGCGCGTCACCTTCCCCTGGGATCGCCCGCAGCAGGGGCGCCCACGCACGTGCCAGTC,145,0.724137931,1,0,peak_dMS
11,788,CCAGCGCACGTGGAGCAGTCTGCCGGTCGGTTGTCTGGCTGCGCGCGCCACCCGGGCCTCTCCAGTGCCCCGCCTGGCTCGGCATCCACCCCCAGCCCGACTCACACGTGGGTTCC,116,0.732758621,1,0,peak_dMS
11,806,CTTGCGCACGTGCTGTCTACCAGTTCCTGAGAGGGACGCGTGCCGCGGAGCCAGGCTTACTACGTGACCCGGACACCAGGCATACGCTAGGGGCAGTCAGCTGTGCCTTCTCTTTCGGAGTTGTTCCGTGCTCCCACGTGCTTCCC,146,0.623287671,1,0,peak_dMS
12,1080,CCATTTCACGTGTTCTCAGAGGCAGGTGGAACTTCTTAATGCGCCTGCGCAAAACTCGCCATTTTACTACACGTGCGGTCA,81,0.50617284,0,0,peak_dMS
12,1100,TCCATGCACGTGGATTGGGGCCTCAGGGAGCGGACGTGTAACTGGGGAATCCCCAAGACCCCTGGGCGCGCGTGGAGTTAACTGCGAGCCTGTCCTCATTCTGGCGATCAGACGCCCCAGGGCCTCGTGACCGCCCATTTCACGTGGCATTA,152,0.625,1,0,peak_dMS
12,1103,TCTGGGCACGTGACCGCCACCCATGCGCTGAGGGGCGGACAGGAGGTGCTTCGACTGGGAGGAGGGCGAAGAGTGTAAGGGGGCGGAGGGGCGATGGCAGCCACGTGATCTGT,113,0.672566372,1,0,peak_dMS
12,1131,AGCAGCCACGTGCCTTTCGTACGGCGAAAGGCCCCCTTTCGGGCCATTTATCACAGGATACCTCAAGCAAAGGGGAACTGTGGTCACGTGAAAACA,96,0.541666667,1,0,peak_dMS
12,1147,TCCGTCCACGTGACCCACTCAGGCTCCTCCTTGTCTCCAACATGGCGGCGCCCAGGGGCTCAAGCCGCACGTGAGAAAG,79,0.64556962,0,0,peak_dMS
12,1166,TGTTCCCACGTGCCCTGAGCCCCCGCTCCCAGACCGCCGCCGCTTTCTCCTCAGCCCCAGGCAGCTACCCGCCTCAACTCACGGGTTGTTATTACTCATTGTAAGTAACAAGCTGCTGAGGAGCCGCACGTTGGAGTGCAGCCCCGCGGCCGCCATGTCCCGCACGTGGTCTAT,174,0.632183908,0,0,peak_dMS
12,1212,GAACTTCACGTGAATGAATCCACCACAGCTTGACTGAATGTGCCGTTCATCCTGAGTGTGTGAGAACTTCACGTGAATGA,80,0.4625,0,0,peak_dMS
12,1223,CGCTGCCACGTGAGAGGGGAGTGTACGCGTGTGCGCGCGTGCGAGTGTGCGCGTGTGCAGTCCCCGACTCGTCCCGGCCCGTTCGGAGCCGCCCGGGAGCGCACAAAGGCCGACGGTTTGGGCGCGTGCGCGGGACACGGGGGACGGGCGGTGTCACGTGATCGCG,166,0.734939759,1,0,peak_dMS
14,1322,CTCCGTCACGTGGTGTCAGACAGACCAATCACGCGCATTCTTCGGCCACGACAAGCGCGCCTCTGATCACGTGACCAGG,79,0.607594937,0,0,peak_dMS
14,1369,CGCTGGCACGTGCAGTTTCTATTAACTTTAGCTCATCTCTACCTCTTAATAGAAGCAGCTGTTATGTTTCTGATTATTCTCCTGATTTTGAAAAATCCTGTTCCCTTAACCTACCTCATTGGAGGTCGTTGGAGGTCCCCTGGGACAGAACCACGTGATTATC,163,0.435582822,1,0,peak_dMS
14,1427,CCGTGTCACGTGGCTGCTTCACCCCTTGGCCTTTCCACTGGAATCCTATTGAAGTCGTGGGCCCACGTGGGTCTG,75,0.6,0,0,peak_dMS
15,1478,CACGGTCACGTGCTCGAGCCCGCGGGAGCGCCACATCGCCAGCCGCACCCCTCCACCCCCAACCTGCCCACGTGACCCGG,80,0.75,0,0,peak_dMS
15,1478_2,CCTGCCCACGTGACCCGGCCTAGTTTCTCCAGGCCCGTCCCTACGTCTCACTCGGGAAGCCCCGCCCCACGCTGAGCGCTCCGCCTGCGACCCTCCGCCACTTACCCACCCCGGCTCAAGCACGACCCGTGGATCCACGTGCTTTTT,147,0.680272109,1,0,peak_dMS
15,1531,AGGGCCCACGTGGGGATACGGAGGCCCCGCGAGCCTAGAAGTTAACAACGGAGGACGGCCGGCGTGGTCTCCGGGGACTCCTAGCGGGCGCAGAGGCGTCTAGAGATCGCCCACGTGAGGGCG,123,0.691056911,1,0,peak_dMS
16,1743,TAGGAGCACGTGGAGTTCTCCTAGGTGGGCTTGCACTCGGGGTCGCCCAGCCGTTCTTTGAGGGTTCGAGTGGGTAGGCTTCCCCTGTAGGACGGGCTTCCCCGTAGGTTTCCACGTGGGGCCA,124,0.629032258,1,1,peak_dMS
16,1771,CGGTTCCACGTGCAGAAACCCCGCCGGTCCGAGGCCCCGGTTCTAAAACGGCCCTAAGAGTCAAGGCTTCCACAGCTCGCCTCTGAGGGTGGCAAAGAGGCCGCGGGGGCGGTGCCTCGCGAGACCCAAACAAGCCCACGTGGCAGGG,148,0.668918919,1,0,peak_dMS
16,1781,CCCTGCCACGTGGGCTTGTTTGGGTCTCGCGAGGCACCGCCCCCGCGGCCTCTTTGCCACCCTCAGAGGCGAGCTGTGGAAGCCTTGACTCTTAGGGCCGTTTTAGAACCCGGGCCTCGGACCGGCGGGGTTTCTGCACGTGGAACCG,148,0.668918919,1,0,peak_dMS
17,1964,ACCGCACACGTGTCCGGTCGACCCACGCGAGCAGAGCAAACGGAGCGAACAAGACCAAGCCGTGGGCCCTTTCTTGCTTGGCACACCCGGAGCGGAGCCGATCTCTGCTTTCACGTGATGTAG,123,0.617886179,1,0,peak_dMS
17,2115,AGAACCCACGTGCGCCGGCCGCCAGGCCTGGGCATCTCCTCTCCTGCAGCGCCGCCTGCTGGCCACAGAGAACCCACGTGTGCCGG,86,0.720930233,0,0,peak_dMS
18,2171,GGTGGTCACGTGGCACGCGGCGCGCGCGGGCTTCTGGAAACTGTAGTCCTTTGGGTGTTATTCGTGCCTCCGCCCTCCTAGTACCTCCTGGGCTACCGCAAAGCCACGTGGCGAAA,116,0.629310345,1,0,peak_dMS
18,2181,GCCTCCCACGTGACCGGCGCGCCGGCCCCGCCCCCGGCGCCCTTTTGGCCTCTTCCCGCGGAGGCCAGGCTTTGGGCTAGCGCCGGAGACTTCCAGGCGGACTCGAGAACCACGTGGATGCT,122,0.729508197,1,0,peak_dMS
19,2274,GCCAACCACGTGCGCACACACACTTCCAGCCGACACTGAAAACACAGACAACCCTCGGAAGAGGCCACGTGCGCGCA,77,0.61038961,0,0,peak_dMS
19,2280,TTGCATCACGTGGTAATGGCCGCTCAAAAAACGCCTTAGCGAAAACCAGAGCGTGCCCTCGTCACGTGATGGAG,74,0.540540541,0,0,peak_dMS
19,2390,CGAGCCCACGTGCGGCTGCAGTTGTCACTTCCGCCTGGCAGCGCGCGCCGCAAACAGGCTGCGTAACCAGTGCGCACGCGCCGGGCTGGGCCATCCTCCTGGGCGTCCGCACGTGGCTTAG,121,0.710743802,1,1,peak_dMS
19,2436,CTTCCTCACGTGGTGCAGGCAGGAAGTGACGCGCCTGGCCCGGGAGCTGCGGTCGCAGAGGCCGACGGAGCCGGAGTCGCGGACGCCGCGGGGTCTCCGGGACAGGTGACCTGGGGGAGGGGGCCGGGAGCGCGCCCAGAGAAGGCGGGGCCTGAAGCCCCACGTGGCGGGG,172,0.761627907,1,0,peak_dMS
19,2463,GGCCCCCACGTGGCCGCTGCGCGGTGGGTGGGGAGGGGGTGTGCCGAGTCCAGTGGCCCGGCGGGCTCCACGTGCGGGAC,80,0.8,0,0,peak_dMS
19,2496,CTCGTTCACGTGACGTCCCCAGCGTTCCGCCGCGCGCTAGGCGAGGGGAAGGGGGCGGCGGGGCGCGGGCCCGTGACGCATGCGCACGGCGGCTGTCCCTGCGCCCCACGTGGTCCTG,118,0.771186441,1,0,peak_dMS
2,2851,GGCCACCACGTGCCCGAAACACAGCGCAAAAGGCACGCGGCAGAGCCACCTTCCGGGGCCCACCACGTGTCGGCT,75,0.693333333,0,0,peak_dMS
20,2904,GGGCGCCACGTGCTCCCCCAGAGCAGCCTCCCAGTCCCCGCTGCCGTCCATCTTGGAGCCGGGCAAAGACGCCACGTGGGGCCT,84,0.726190476,1,0,peak_dMS
20,2939,TGGGTTCACGTGGATGTGGGTGGGAACAGCATGTGTGCCCGTGGACCCGTGTGAGCTTGGGCTCGCACCCCCAGCGCTGGCCACTCCCGGCGGGACCCACGTGTGCCCG,109,0.697247706,1,0,peak_dMS
22,3132,TGTGCACACGTGTGTGTGCATGCACGCGTCTGCACCTGGGCAGGACCTGGCCTAGGAAGAGCCTGGAGCCAAGACTAGCAGTTCTCCCCTCCCCCGCCCCCAAATGACGTGGCCGCTGCCACCGCGTGACTCACCCTCCCTTCACTCAAAGGGCACAGCAGCACGTGGGGGCG,173,0.653179191,1,1,peak_dMS
3,3168,GCGAGCCACGTGCGCGCTGTGTTTACGTTCGGCGGCGCGCGGGCGCCGGTTGGCTGGGCGGGCGCGTGACGCGGCATTACATAATGGGCGCTGAGGCGGCGGCGGCGGGCGGGGACACGTGAGGCCG,127,0.755905512,1,0,peak_dMS
3,3283,GGAGGTCACGTGACGGATGCTGGGCGGGACCACGCAGCTTTGTTTTGATACCCCGGGTGTGGAAATACAAACACGTGGTCTGA,83,0.56626506,0,0,peak_dMS
3,3361,TGAGCCCACGTGAGTCTGACACCTTGAGTGCGGCCCTAGGAAATGACTTGGCAGTACAGCCGGAGGATTCAGGGTCTGGACGATAGTTTTCCCAGCCGGAGGATTCTTCGAAGAGCGCTTAGTAAAGGACGGAAGTTCCACGTGTTTGTG,150,0.54,1,0,peak_dMS
3,3379,CAAACCCACGTGCGCACAGCCCCGGGGAACACGGATTTCTCCACGGCACCGTCAGTATGGGGTGGGGTGGCGTGGGGGCATTGCGCCTTGCAGAGTCTGGGTTTACGGATCGACAAATTGAGGCCCGCGGCAGCGGAGGGGGCACAGGCACCATAACAAACGCACGTGCGCCCT,174,0.643678161,1,0,peak_dMS
5,3648,AGCAAGCACGTGCTGCGGCAGGGCGCGGGGAGGGCGCGCTTCGCGGAGGAAGATTCCGGGCGGCCCGAACGTGCTCGCGCCCGTAGCTGCCGCTGCCGGGGCCGCGGCCGCCCGGGTGCCCAACCGAACGCACGTGCGCCAG,142,0.774647887,1,0,peak_dMS
5,3816,CTGACACACGTGCTCTCTCACTCCCAAACACCACGGGCCGCAAGCGCTCACACCCACACTCACCTGCAGGGACCACGTGGGAGAA,85,0.623529412,0,0,peak_dMS
6,3894,AAACCACACGTGTGCGCCGCAAGGCTGGGCCTGTCTCAGCCCACTTCCCGTCGCCACCCCCAACGGCCTGAGCTCCCCCGGAGCCTCACTCGGGCCTTTCCTCAGGCCCTCCTGTCTGCTCCACGTGGGGCGC,133,0.69924812,1,0,peak_dMS
7,4135,CACGGCCACGTGGAAAGACTGGCTGGCCCGGGTCTTACAGCGCTGAGGGTCGGTCTTCCAGCGCCTTAGGGGCCAGGCGTCCCTCCAAGAAGGCGAGGAAGTAGGCGGAGCTTCTGCCGGCGGACTAATGACGGTACAGAGGCGGGGCCGAAGGGCGGGGACACGTGGAGGGG,173,0.676300578,1,0,peak_dMS
7,4193,AAGTAGCACGTGTAGTGAAGGCTTGGTCTCCAAGAATCACTGGTGCCCCCACTCACTGCGGCCCAGCCTCCCACGCCGCCCGCCACTGAACCCAATCCCCCAGGACCCCTACCTGGGCTCAGGAATGGTCAGGCAACACGTGGGGCCC,148,0.641891892,1,0,peak_dMS
7,4218,AGGCCCCACGTGCTGGGTGTCTTGGGCCTGTAGCTTGGCAGTCCCCAGGGGGTCTAAAGGCCTGGGAGACCCAGTGCATGGTCTAGCTGGGAGCCGCCACGTGCCTTAG,109,0.651376147,1,0,peak_dMS
7,4355,GTCATTCACGTGGCCGCAAAAAAACCGGCCTTCTCACCCTAATCTTTTAATATGCAAATGCAGGGTGCCATGATGTTCTACACACGTGGGGATA,94,0.468085106,1,0,peak_dMS
7,4369,TGCCCCCACGTGGCCACCGCTCCACATGGCCCCCTTTGGATTTTCCTAAGGAGTCTTAATGATTAACCCCGTGCCACAATCAGCTCCGCTATTGGTCACACTGGCCCAGAGGGGCACGTGACTGGG,126,0.587301587,1,1,peak_dMS
9,4702,TGTCCCCACGTGGAGCTCAAGCGTCTGGCTTGAGCCAGAAGGTGCCCTGAACACTCGGTGGCCCCAGCCCCCACGTAACAGCACGTGCTCGGG,93,0.655913978,1,0,peak_dMS
9,4717,GGTGAGCACGTGCAACGAAGCCCAGCCCTGTGGGCGGGGCCCTGGAGGCGGGGCTTGAAGGTACTCACGTGGGCCTC,77,0.701298701,0,0,peak_dMS
9,4721,AACTGCCACGTGGGGATGAGATTTGCTGGGCTGGTAGCGGCGGCTGCTGCGGGAGGTCCCGCCCACGTGAAGCCA,75,0.666666667,0,0,peak_dMS
9,4736,CAACAGCACGTGTTTAAATCTTTTGGAGGCCAAAGGAAAAAAAAAAGAGGATAAGTTCTCAGTAGGGGCAGGCCTGTCTACCTGGGGGTTTGGGAACGAACTGGGGGATAGGCTGCGGGGGTTTCACGTGAAACCA,136,0.5,1,1,peak_dMS
9,4755,GTCCCGCACGTGTTCCTGTGCTCCCCTCACCCCCAACCCCGACACAGCAGGCGCTCATGAGTAGGGGCGAAATGAATGAATGACCAGCAGTACATTCATTCCGTCCTTTGGAGTGGGGGGCCTCAGGTCTCAGGCGGACACAGACTGAGCGCCTGGCACGTGGCAGGC,168,0.619047619,1,0,peak_dMS
1,1,TATATACACGTGTATATATATTAATAATGGCCTACATCTATATTAATAATATATATTATTAATATATATATTATATATATTAATAATATATATACACGTGTATATA,106,0.132075472,1,1,outside_peak_ESC
1,2,TATACACACGTGTATATTATATAAAATATAATATGTATGTATATTATGTATTATATATAATATGTTATGTATTATATATTATATACACACGTGTATATA,99,0.151515152,1,0,outside_peak_ESC
20,3,TATATACACGTGTATATATAATATATATACGTATATATGTATATATTAATATATATACGTATATATACACGTGTATATA,79,0.164556962,0,0,outside_peak_ESC
3,4,TATATACACGTGTATATTAAAACATATACTTATATATATTTTATATACACATGTATATAAGACATACTTATATATATTTTATATACACGTGTATATA,97,0.164948454,0,0,outside_peak_ESC
9,5,TATACACACGTGTGTATATAGTATATATATACTATATATACTATATATATACTATATATACATATAGTATATATATAGTATATATAGTATACTATATAGTATATATACTATATAGTATATATATATTCTACATATATACTATATATACACACGTGTGTATA,161,0.167701863,1,1,outside_peak_ESC
1,6,TATATACACGTGTATATATATTAATAATGGCCTACATCTATATTAATAATATATATTATTAATATATATACACGTGTATATA,82,0.170731707,0,0,outside_peak_ESC
2,7,TATATACACGTGTATATATATATATATACGTATATATATATATATACGTGTATATATATATATACACGTGTATATA,76,0.171052632,0,0,outside_peak_ESC
13,8,TATATACACGTGTATATATATACGTATATATACATATATGTATATATATACATATATACGTATATATATACACGTGTATATA,82,0.182926829,0,0,outside_peak_ESC
18,9,AGAAAACACGTGGACAATTTCTTTTACAATAAATAAATAAATAAATAAATAAATAAATAAATAAATAAATAAAACTAAACACGTGACTGTC,91,0.186813187,1,0,outside_peak_ESC
1,10,TATATACACGTGTTATATATATTGTATATTATGTATATACACGTATTATATATATACACGTATGTATATACACGTATATATATTATATATATTCATGTGTGTGTATATATTATATATACGTGTATACAGGTATATATGTATATATAATATATATACACGTGTATATA,167,0.191616766,1,0,outside_peak_ESC
7,11,ATTATACACGTGTATTTAACTTTGCAACAAAATAAATATCACAAATGTTGCTGTATGATTAATTTAAAAATATATACACTTTAATCAATATATAATATATAAAATGTATATTATATATGGGTGAACACGTGGTAGAT,137,0.211678832,1,0,outside_peak_ESC
12,12,TATATACACGTGTATATGTTTATATATACACATAGATGTGTAAATATATACATATTTGTCTATATACACGTGTAAATA,78,0.217948718,0,0,outside_peak_ESC
19,13,TATACACACGTGTATATATATATACACACATATATGTGTATATATATATACGTGTATATATATATACACGTGTATATA,78,0.217948718,0,0,outside_peak_ESC
1,14,TATACACACGTGTTATATATATTGTATAATATATATACATGTATACATGTATATATGTGTATATATATATACATGGCACACGTGTATATA,90,0.222222222,0,1,outside_peak_ESC
2,15,TGTATACACGTGTATATATATACACGTATATATATACACGTATATATACACGTATATATACGTGTATATACGTATATATACACGTATATATACGTGTATATACGTATATATACATATATACACATATATGTATATACGTATATATATGTATGTATATATATACACGTGTATATA,174,0.224137931,1,1,outside_peak_ESC
X,16,TATATACACGTGTATATATACGTGTATATACATATATACATATATACACATATGTATATATGTATATACACGTGTATACA,80,0.225,0,0,outside_peak_ESC
X,17,TATATACACGTGTATATATACGTGTATATACATATATACATGTGTATATATACGTGTATATACATATATACACGTGTATATA,82,0.231707317,0,0,outside_peak_ESC
4,18,AATATACACGTGAATTAACCTAGATATATATTATATATATTTAATACTTAAATATGTACTATACATGTTTAATTAATATGTATATTGAATTATACCAATTGATATTTGGTAGATTTCTAAGATCAGTGTCCTACTGGACACGTGTGATTT,150,0.233333333,1,0,outside_peak_ESC
14,19,TCCTATCACGTGTTAAGACTTTTTTTCAATTTCTCATATTTATTAAAAAAATAAAATGAGTTAAAAATTTCTTTAAATAACAAAGTTTTTTCCCCTTTGCCGTACTTTTAGTATCTATAAATAACACGTGTAGATT,136,0.235294118,1,1,outside_peak_ESC
14,20,TATATACACGTGTATATACATACGTATATATACATATGTATATACGTATATACGTGTATATACGTATATATGTATATACACACGTGTATATA,92,0.239130435,0,0,outside_peak_ESC
9,21,AATATACACGTGTATATATACATATACATATATGTATATACACATATATACACCATATATACACATGTATATATACACACACATATACACATGTATATATACACACATATATACACATGTATATATATACATATATAGTGAATACACGTGTGTGTG,156,0.243589744,1,1,outside_peak_ESC
16,22,TATATACACGTGTGTGTGTATATATATATATATATACACACACACACACACGTATATATATGTGTACATATATATATATATACACGTGTATATA,94,0.244680851,0,0,outside_peak_ESC
7,23,TAAAGTCACGTGGTATTTCTTTTTTTTTAATTTTTAATTTTATTTTTCCATAAGTTATTGGGGTACACGTGGTTATT,77,0.246753247,0,0,outside_peak_ESC
X,24,CACATACACGTGTATATGTATACATATATTGTATATGTATAAATATACATATATGTATACATATACACGTGTATGTG,77,0.246753247,0,0,outside_peak_ESC
8,25,TAAGCACACGTGTGTGTGTGCGTGTATTTGTGTGTGTGTATATATATACACGTATATAAATATATATATACACGTATATATATATACACGTATATATATATATACACGTATATATATACATACACGTATATATATATATATATACACGTGTGTATA,156,0.25,0,0,outside_peak_ESC
X,26,GACACACACGTGTATTTGTAAATATACATGTGCATAAGTGTATATATACTCATATGTTTATATGATCATTTAAATATATATATATGTTTACAAACATATAGGTATGTGTACATATCTACACGTGTATTTC,130,0.253846154,1,0,outside_peak_ESC
15,27,TATACACACGTGTATATATACGTGTATGTATATACATGTGTATATATATGTGTATGTATATACACGTGTATATA,74,0.256756757,0,0,outside_peak_ESC
10,28,TATATACACGTGTATATATAGGCAAATTGAATGAAATATTATATAAAAAGAATTATAAATCACAAGAGAGATTTATTCCAGGTATGTGAAGCTAGTTCAACATTTGAAAATCAATAAATGTAATCCATCATATCAAAGAAGAAAAATCACGTGGTCATA,159,0.257861635,1,0,outside_peak_ESC
X,29,TATATACACGTGTGTATATATACCATGAAATACTACTCAGTATACATATATACACATATATGTATATATCGACATATGTACATATATACACATGTGTATATATGTATACGTATATACACACGTGTGTAAA,130,0.261538462,1,0,outside_peak_ESC
21,30,TACACACACGTGTTTTTGTATATATATGTATAGTATATGTATACATCTTGAGATACATATGCTATACATCTTGAGATACATGCATATACTATACATCTTGAGATATATACATATACTATACATATATACACACACGTGTATATA,144,0.263888889,1,0,outside_peak_ESC
20,31,TATATACACGTGTATATATACACATATACACGTATATATACACGTATACATATACACATATACACGTATATACACACGTATATATACACATATACACGTGTATATA,106,0.264150943,0,0,outside_peak_ESC
17,32,TATATACACGTGTGTATATATACATATGTAATATATACACGCGTGTATATATACATATGTAATATATACACGCGTGTATATATTACATGTGTATATATACACGCGTGTATATATTACATGTGTATATATACACGTGTGTATA,142,0.267605634,1,0,outside_peak_ESC
3,33,TATACACACGTGCATATATGTGTATATATGTATATACACATGCATATATGTGTATATATGTATATACACGTGCATATA,78,0.269230769,0,0,outside_peak_ESC
5,34,TTTATCCACGTGTATTTCTGATATATAATTTGTGAGTCTATTAAACAAATAATTAGGTAAAAAATTAGAGATACAGGGATTTATTAAACCACCACGTGCAAATA,104,0.269230769,1,0,outside_peak_ESC
5,35,TATATACACGTGTGTGTATATATACATACATATACATACACATATGTATATACACATATATACACGTGTGTGTA,74,0.27027027,0,0,outside_peak_ESC
Y,36,TATACACACGTGTGTATATGTATATATGTGTGTAATATATATGTTTGTATGTGTATATATAAACACATTTATAGACAGAGCATGCATATATATGTAAATATACACACTCACTTATATGTGTGTCTGTATGTGTGCATATATGTGTGTATATATACACGTGTTATAT,166,0.271084337,1,0,outside_peak_ESC
X,37,CATATACACGTGTATGTGTATACATATGCATATACACATATATGTGTATATGTATAAATATGCATATATGTATACACATACACGTGTATATG,92,0.27173913,0,0,outside_peak_ESC
1,38,CCATGGCACGTGTATACCTATGTAACAAACCTGCATGTTCTGCACATGTATTCCAGAACTTAAAGAATATATATTTATATATGTATAAATATATATGAATATATAAATATAAATATATATATAAGCTCCCCACGTGATTCTA,142,0.274647887,1,0,outside_peak_ESC
11,39,AAATTGCACGTGTACCAAAATTTAAAATACTTTATGAATTTTGCAATTGTGTATTTCTGTATACATTTATCAATTCTGATTTTTAAAAATGTAATGTCCCTTTCTGGATATGCCAAAAGCACGTGCTTTAT,131,0.27480916,1,0,outside_peak_ESC
12,40,TGTATACACGTGTATACACGTATATAGATATGCATACATGTATACATATGTATATACATATATACACGTGTATACA,76,0.276315789,0,0,outside_peak_ESC
Y,41,ATATAACACGTGTATATATACACACATATATGCACACATACAGACACACATATAAGTGAGTGTGTATATTTACATATATATGCATGCTCTGTCTATAAATGTGTTTATATATACACATACAAACATATATATTACACACATATATACATATACACACGTGTGTGTA,166,0.277108434,1,0,outside_peak_ESC
Y,42,TACACACACGTGTGTATATGTATATATGTGTGTAATATATATGTTTGTATGTGTATATATAAACACATTTATAGACAGAGCATGCATATATATGTAAATATACACACTCACTTATATGTGTGTCTGTATGTGTGCATATATGTGTGTATATATACACGTGTTATAT,166,0.277108434,1,1,outside_peak_ESC
6,43,TAAAGTCACGTGAACAAAAAGGCATTAAAGTTTCCATTTTTCTGAAAAAATATTAAGTGCTTATTTTTCTAAGCCAATCAATTAGAGCTCTTTTATACATAAACATACAACACATATTAATACATAGAAGATTCCGCACGTGTAAGAT,148,0.283783784,1,0,outside_peak_ESC
13,44,TTGAAGCACGTGCATTATTTTTTTCAAATCAAACACAAAAAATAAGCTCGGTGTTCAATGACAAAAGTCAAATTTATTTAAAACATACATAGATACACACGTGTATCTA,109,0.28440367,1,0,outside_peak_ESC
12,45,TACACACACGTGTGTATATATGTGTATATATGTATATATACACACATGTGTGTGTATATGTATATATACACGTACATGTATGTGTGTATATATGTATATATACACACGTGTGTATA,116,0.284482759,1,0,outside_peak_ESC
2,46,TATATACACGTGTATATATACACGTATGCATAAATACATGTATACATGTGTACATGCACATACATACATGTATACATGTGTACATGCACATACATACATGTATACATGTGTATATACTTATATACACGTGTATATA,136,0.286764706,1,0,outside_peak_ESC
13,47,AACCTGCACGTGTATGCCTTGAATCTAAAATAGAAGTTGAAATAAAATAAAATTAAATTAAAATTAAAATAGCCCAGTGTTCCACGTGATCTTT,94,0.287234043,1,0,outside_peak_ESC
6,48,AATTTACACGTGGTGTTCTAAACATTTATTATTATTATTATTATTATTATACTTTAAGTTCTGGGGTCCACGTGCAGAAC,80,0.2875,0,0,outside_peak_ESC
1,49,TCTGACCACGTGGAGTCATATTTTAACTAACAGTTGAAAATGTGCTGGGTTTAGATGATATGATATTATTTCAGTTTTATAGCTTTACTCTTTCATACATTAATACATTTTCTCTAGCTCTTTTATTTTTACTTCAGATAATTTACTGATCACGTGGAAAAT,162,0.290123457,1,0,outside_peak_ESC
5,50,ATAAACCACGTGGTCATCACTGATTTGAAAATAATTTGTTGTTAGAATCAAGATAAATAAGCACACAGCAGCATTTTATAAAAATGAAGTAACTTTTTAACATAAAATTTCCATTTTTTCCTTCAACTTTTATTTTAAGTTCTGGGGTACACGTGTAGGGT,161,0.291925466,1,2,outside_peak_ESC
14,51,CCAGCCCACGTGTTTGCAACATAGTAGATGCTTAATAAATATTTGTGGGACAAATTTAAAAAGTACAGGAAAATGAAAATTAGTATTAAAAGGAGAGAATACATGTGTATATGAGTTTAACTAATATTTATGTTGTTGTAAAGACACGTGCATTAA,156,0.294871795,1,0,outside_peak_ESC
1,52,GCATTTCACGTGTGGCTTGTGATACAGAGGAACTAAATTTTTAATTTTACTTAATTACTTTAAATTTTAAAAGTTACACGTGGCTAGT,88,0.295454545,1,0,outside_peak_ESC
13,53,TATATACACGTGTATATGTATGTCTATGTGTGTGTAATTGAACACACACATATATATGTATTATTCCCACAAATATTACATTGAACATACACACATATATATACATATGTATTATACACAGAGACACACGTGTGTGTG,138,0.297101449,1,0,outside_peak_ESC
9,54,GTCATGCACGTGTAAAAATTCCTAAGAAGATAAAGGGTTAAACTAAAAAAAAAATTAGATACCACGTGAAATTG,74,0.297297297,0,0,outside_peak_ESC
1,55,TGTATACACGTGTATATACACATGCACATGTATACATGTGTATATACACATGCACATGTATATATGTGTATGTATATACATACACATACATACACGTGTATATA,104,0.298076923,1,0,outside_peak_ESC
7,63,TATACACACGTGTACATATATACACATATATACACATATGCGTATATATGTGTGTATATGTACACACGTGTGTATA,76,0.302631579,0,0,outside_peak_ESC
6,136,TGTAGTCACGTGAATTCTTGGAGTTTCTAAAAGGGGATTTTTTTTACATTGGTTTACATCCCATTTCACGTGACAATT,78,0.346153846,0,0,outside_peak_ESC
10,124,TATACACACGTGTGTATATGTGTGTATACACATGTACACACTTGCATATGTGTATATCTATACATGTACACACGTGCATATA,82,0.341463415,0,0,outside_peak_ESC
4,132,CACACACACGTGTATACACACACATATGTATACACACATACATACACATGTGTACACGTATATATACACATGTATACACACGTGTATATA,90,0.344444444,0,0,outside_peak_ESC
1,91,TATATGCACGTGCTGCCACCATGCCAGGTGAAATTTTGTATATATATAAATATTTTACATACTTTAAGTTCTATGTACATACACGTGCACAAT,93,0.322580645,0,0,outside_peak_ESC
9,85,TTTAAACACGTGGCCTATTGTATGTCAATTACACTTCAATGTATCTACTTAAAAAAAAAACCTTAAAAGAGACATGATTTCCCTGTACCACGTGTGAATA,100,0.32,1,0,outside_peak_ESC
X,93,TATATACACGTGTGTATATATGTATACGTATATACATACGTGTGTATATGCATATATACAAGTATGTGCACACATATACATGTATGTGTGCACGTGTACATG,102,0.323529412,0,0,outside_peak_ESC
X,126,CATATGCACGTGTACATATGTGTATATATACATATATGTGCATATACGTGCATGTACACATGTACATATATGTACACATGTATACATGTATGCGTACACGTGCATACA,108,0.342592593,0,0,outside_peak_ESC
10,140,ACTAGCCACGTGTGGCAGTCAAACATTTGAAACGTAGCTAGTGTGACTGAAGAACTGAATTTTAAATCTTACTTAATTTTAAAGAATAAATTTAGATAGCCACGTGTGGCTA,112,0.348214286,1,0,outside_peak_ESC
X,88,AAGTGACACGTGAGCAGAGTAAACGTCTCTAATGACACTCAGAAATCTGTCCAGGTTTTTTATTTTTTTATTTTTTTAAATGTTTGTGGTACTATAGTTGTTACACGTGAATTCA,115,0.32173913,1,0,outside_peak_ESC
21,104,TATGCACACGTGTGTGTGTGTGCATGTGTATTTGACGTGTAGTAAGCTATTCCCGTTTATCATCTCATATCACATAACATTTTATCATATTATTTTCATTCAATAATTCTATCACGTGTCTTGT,124,0.330645161,1,0,outside_peak_ESC
5,111,TAGATACACGTGTATGTATACATACATATGTGTATGTACAGCTACACGTATACATACATATGTGTATGTACAGCTACAAGTATACATACATATGTGTATGTACAGCTACACGTATACATACACGTGTATGTA,132,0.333333333,1,0,outside_peak_ESC
7,119,GCGTTCCACGTGTTCCTGGCACATAGCATGTGTTCAACAAACATTTGGTGAATGAATTAAAGGATGAAATGTTTTCTTTACGAATAGGAAATAATATAATTGTATGCTAAGTTATGTTAGTCATTTCCACGTGATTTAC,139,0.338129496,1,0,outside_peak_ESC
3,114,TATGACCACGTGACTAGCTGCAGAAACAAGGACTGTAATTGACATATTTCCTCCTTCTTTTGTTAAAAACATGTTTGTGCATGTATATACTTGTACTAAGAAGATATGTTGATTTTATTTCCTTTTTCCCTTATCACGTGACATCA,146,0.335616438,1,0,outside_peak_ESC
21,94,TCATATCACGTGCATGTCTACTTCTTTCTTATACTGCTGAAATACTTAAAAAATGATATCTTGAAAGCAGATTTTTAAATGATGTCTACTTCCCCTACATTACTGGTAAGAAGTTGAAAATTAACAGAATGCTGCCACGTGATTTCA,147,0.326530612,1,0,outside_peak_ESC
18,58,AAATGACACGTGTACAGTTCCATTCTTCTTTGATAATATGTCTACATTTATAAATATTTTCTAAATATTTCACATATTTCCACCATGCAAACGTGTGGAAATGTGTGAAATATTTAGAAAAAATGTGTACGTTTGATCCTCAACCACGTGGAATTT,156,0.301282051,1,1,outside_peak_ESC
3,129,AAAATACACGTGATTTTCTTAATGTCTTAGTTTGAGCAAGTAATTCTAACTACTCTAGCAAACACATTTTTAAATCTCAGGGATTTAACACAATGCAAGTTTATTTTTGTCTGACAAAAATCCCCCATGTTTAGCCAGTGCATTCCACGTGGGATTC,157,0.343949045,1,1,outside_peak_ESC
15,76,TACAGACACGTGTTTCATACACACAAAGAGAGAAAGGAAAGAATAAAACTAATGGGGCAAAATTAGCAATTGGTAAGTCTGGCAAAAGTATATATGAGAATTCATATATGGATATATATCATATATGGATGTATGTATATTTACAGACACGTGTGTTTC,159,0.314465409,1,0,outside_peak_ESC
3,127,TCTTCACACGTGATATTTACCTTTTTCTACTAGGTTCTTTAACATATTAATCATAGTTATTTAAAGTCCCTTTGTATTAATTCCAGTCTGGGCCATTAATGTGTCTGGTTCCAGTATTTTATCTCTATATGGAGGGTCATTATTTTCGCACGTACACGTGTTTGTG,166,0.343373494,1,0,outside_peak_ESC
20,62,AATTTCCACGTGTTTGTGAATTTTCAGAAATTCCTCCTCTTATTGATTTCTAGTTTTATACCATTGTGGTCAGAAAATATAGTTGATATGACTTCAGTCTTTGTAAATTTGTTGAAACTTATTTTATGGTCAAATATATTATCTATCCTGGAAAATGTTCCACGTGCACTTG,172,0.302325581,1,0,outside_peak_ESC
10,341,TTTTATCACGTGTAGGTTTATGCCTCTACTAGCACAGTTAAGATAATGAATAGTTTCATCACCACGTGGACCCT,74,0.391891892,0,0,outside_peak_ESC
8,383,CACACGCACGTGCTCACATACATTTCTAAAGACAAAATAGGCATTAAACTGTACATACTGTTCTGTCACGTGTTCTCT,78,0.397435897,0,0,outside_peak_ESC
10,369,CTGCTACACGTGACCTCATTTAGCCATCACAATAGTCCTGTACAATAGGAATATTTTCATCCTGTTTTACACGTGAGAAAC,81,0.395061728,0,0,outside_peak_ESC
8,256,CAATCTCACGTGCAGTAATATACCCTATCTTACCAAATATTTAAGTTAGTTGTAAAAGCTGTTCTTGGGCTCCACGTGTTTCTC,84,0.380952381,0,0,outside_peak_ESC
16,293,AGAATACACGTGAGTCTTTCTGAAGGTGTTTCTCTAGAATATATGTGAGTCTTTCTGAAGGTGTTTCTCTAGAATACACGTGAGTCCT,88,0.386363636,0,0,outside_peak_ESC
6,222,CGTGTTCACGTGTGTGTATATTTGTAAGTGTGCATGTTTATATTTGTATGTGCATGCATTTCTGTGCATGTTTATATGTGTGCACGTGTGTATG,94,0.372340426,1,0,outside_peak_ESC
8,142,TATATACACGTGTGCATATGTGTGTGTATATACACACAAGTGTGCATATATGTGTGTATATACACTGTGTATGTGTGTGTATATACACGTGCATATG,97,0.350515464,1,0,outside_peak_ESC
10,391,TCATTACACGTGTGCATATACTCATAGTATCCCCACTTGATCATTACACAGGCGCATATACTCATAGTATCTCCACTTGATCATTACACGTGTGCATA,98,0.397959184,1,0,outside_peak_ESC
1,213,GAAAAACACGTGTTCAGGAAAACAAGTATGTATATGTACTTCCAATTAATCCAATTTATAACTCCATGTTAACTTCCTATCCACTCTTCTAGCCACGTGCCTGCA,105,0.371428571,1,0,outside_peak_ESC
2,332,ATTGAACACGTGATACAGTGAACATATGAGAGTGAATGCATGAGAGTTAACGTGTGATAGAGTGAACATGTGATAGAGTGAACGCATGATACATTGAACACGTGATAGAG,110,0.390909091,1,0,outside_peak_ESC
15,351,TTCCATCACGTGGCTATACCACATTTTGTTTATTCAGTCATCAGTTGATGCACATTTAGTTTGTTTTACCTTTTGGCTATTGTGAGTAGTGCTGCTCTGAACATTCACGTGCAAGCT,117,0.393162393,1,0,outside_peak_ESC
21,181,TAAACACACGTGGACAGTATCTATACATGGAACGATTATAAAGTTTGCACATTAAATCACACATGGACAGTATCTACATGGAATGATTGTAAGGTTTGCACATTAAACACACGTGGACAGT,121,0.363636364,1,0,outside_peak_ESC
X,155,GCAGAGCACGTGTTTTTACCTTCGTTTTTATAGCAAGTTTAAGAAACCATTAATAAATTAGCCATCAGTGACTTTAAAATCAATGTGTTTCTGGCCATTGAGAAAACCTGTTCACGTGTTCTAG,124,0.35483871,1,0,outside_peak_ESC
17,244,CTCCGCCACGTGAATGTCTTCTTTTCCAGAAGTGTCTGTTCATGTACTTTGCCCACTTTTTAAAGGGGTTGTTTTCTTCTTGTAAATTTGTTTAAGATTTTAACATTTAAATAGCCACGTGTGGCTG,127,0.377952756,1,2,outside_peak_ESC
3,182,TGTGTCCACGTGCCTAGATTTTCCTGGTCATATGACAAGAATCTGTTTTTTTCTACGTCTGTCTATTTATCTATCTATCTATCATCTTTCGTCTCTATAGCTAACCAAATGTGTAGTATGCACGTGTACATA,132,0.363636364,1,0,outside_peak_ESC
8,179,AGAAACCACGTGATTATAGCAGTTGATGCAGAAAAACCATTTGACAGAATTCAACACCCATACATATTTAAAAACTCTCAGAAAAATAGGAATTGAGGAGGACTTCCTCAACTTGTTAAAGAGCACGTGAACACA,135,0.362962963,1,1,outside_peak_ESC
10,279,ATTGCACACGTGGGACTCCAGTCCCTGCTTATCTTTACTTCTGAGAAGCATTACATACATTTGTTAATTATGCTACAAGAGAGGTAGTCTTAACTCATAAACTGAGCTGAAAGAAGTCTAGATTTTCACGTGTCATTG,138,0.384057971,1,0,outside_peak_ESC
6,365,ATAGAACACGTGTTTGGCTTCATGCTAAAAGTATTCCCAGATATATGAAGAAAACAGAACAAACTCACCCCCTAGCTTTCTTTCAAGCTATGAAAGTGATTTCTGAAAACTCCTGAGGTGCCTATGATAACACGTGTGACTG,142,0.394366197,1,0,outside_peak_ESC
1,329,GTTGTGCACGTGTACCCTAAAACTTAAAGTATAATAAAAAAAAGTTTCAGTGGCTCTAAATTGCACTCAATATAACTTCTAAGCTCCTTAACCTGTCTTTCCGGACCACCTGTGGAAGTATTTTGGTCAATAAGCACGTGGGCTCT,146,0.390410959,1,0,outside_peak_ESC
11,228,AAACCTCACGTGACCACTGAACATCTTTCTACCAGCCCTGGCCAATGCAGTAAAACATGAAGCAAGAAGTGGAAATACCAAAAAAAAAAAAAAAAAAAAAAAAAGGCAGAAATACTACTATTTGCAGATATGATGGCCCACGTGGAAAAC,150,0.373333333,1,1,outside_peak_ESC
13,333,CAAGACCACGTGAAACTATGCAATAGTCTTACTTTTTGCTTGTTCTGAACCTAGAGATGAGTAAAGGTAAAAGCTGAATTCCGTAGTGTTTCCTAAGTATGTGTTCTACTTTAAGCATGTGTGTGGCTTCTTGAAACCCTCATACACGTGGAAACT,156,0.391025641,1,0,outside_peak_ESC
11,286,CATTCCCACGTGCCACTAATTTGTGGCTAATTATACTTCTATGGTAGGAAGGATAACATCCCCTGAAAGATGTCTAAGTCCCAATTCCCAAAACATGTAAATATGTTACCTTATATGGCATAATAGACTTTTCACATGTGATTGAGGATCACGTGATGGAC,161,0.385093168,1,1,outside_peak_ESC
13,387,TAAAGACACGTGCACACATATGTTTACTGAGGCACTATTCACAATAGCAATGTCTTGGAAACCAGCTCAAATGTCCATCAGTGATAGATCGGATTAAGAAATTGTGGCACATATACACCATGGAATACTATGCAGCCATAAAAAAGGATGAGTTCACGTGCTTTGC,166,0.397590361,1,0,outside_peak_ESC
21,262,TGCACACACGTGGAAACTTTATTGCAAACACTCCAAATTATGTTCAATTACTGGAAATATCAAAATTTGAGACCCAAACAAATTATATCTCAACCAACAACATTCAACCCAGGGGAAAGGCAGTTAAAGGGTATTTTACACACACACACACACACACACACGTGCACACA,170,0.382352941,1,0,outside_peak_ESC
9,380,ACACAGCACGTGTTTCAGAGAGCACGGGGTTGAGGGTAAGGTCATAGATTAACAGAATCTCAAGGTAGAAGAATTTTTCTTAGTACAGAACAAAATGGAGTCTCCTATGTCTACTTCTTTCTACACAGACACAGTAAATATCTGATCTCTCTTTCTTTTCCCCACGTGCATTTA,174,0.396551724,1,0,outside_peak_ESC
19,496,ATTTTTCACGTGTCAGGAAGGATGATTCTTATTTTGCTTTTCTCTCCCCCCTCCAACGACTCACACGTGTAAATA,75,0.413333333,0,0,outside_peak_ESC
10,636,TTTTCTCACGTGTGAACTGGAGATAGAAACATCAGACCTTTTACCTCTGTCAACCATGGTTTCCTCACGTGTGAACT,77,0.428571429,0,0,outside_peak_ESC
3,589,GACAGACACGTGCTGCTCTCCAGGGAAACATTTTTTTTTTTCTTCTGCTTACAACACACCCTTCAGGTAGATTCACGTGATCTTT,85,0.423529412,0,0,outside_peak_ESC
1,583,TTTCTTCACGTGGCAGGATGAGAGCTTTAAAAAATAGGTTGATCAATAGAAGAATAAGTGAAGGTACATGCCCCTTGCACCTGAGCACGTGGACTTA,97,0.422680412,1,0,outside_peak_ESC
5,598,ATCGCACACGTGCTTTTCTTTGAGACAAACGTAGTTGAGAACGTAGCAGAAATGTTTCCTACTTCCCACTTCATGACACAAAACACTAAAAAGACACGTGCCCAGA,106,0.424528302,1,0,outside_peak_ESC
7,451,TAGGCTCACGTGTTTCTTATAGATAAGGAGTGACTCTCTTGGCCACTCCCAGTTTCCCTAGTTCCTTAGAGATAATATAGCTAGATTACATCACATCACATCACGTGTAGTTA,113,0.407079646,1,1,outside_peak_ESC
22,523,AAAGACCACGTGCTACTTGCCAATTTATCCAGCATTTCCGAAAACAGCTCCTTGCCAGCAGAGTCAAAAATGAAGAGTTCCTACAATCAGAAAAGCAAGAAAAGTCTCCACGTGGAAAAA,120,0.416666667,1,0,outside_peak_ESC
X,501,CATGCACACGTGTACACATGTACACACATGCACACATGTATATATATATTTGCACCTATGCACACATATATACACCTGCAGATATACACAGGTGTAGACATGTACATGCACAGACACACGTGCACACA,128,0.4140625,1,0,outside_peak_ESC
2,536,TATGTACACGTGTGTATGTGTGTGTGCGTGTTTAAGGGATTTAGACAGTACATACGTATATGTACACATGTGCGTATGTGTGTGCGCGTTTAGGGGATTTAGACAGTACATACGTATATGTACACGTGCGTATG,134,0.417910448,1,0,outside_peak_ESC
2,572,CACCAGCACGTGGTTGAGGGATGTGCTTTTTTCTTTTTTTTTTTTTCTCCTCACAGTCTATTTACACAAAACCAGTGCACAACGTTAACAGATAAGAAGAAAGACTGAGGGACAAAGCATGACAGAGACCTTTGTCACGTGCTGGCT,147,0.421768707,1,0,outside_peak_ESC
2,438,CAAACCCACGTGTACTTCCTTCCAGCTGGTTGCTTTTTATTGTTGCTGTCTTAAACTCCAAAGTTTTAAGGTGAATTTATTGAAACGTACGAAAATGCTCAGTTCATACAGGCTTCCAGGTGAACAAACTGTTGTAACCAGCACGTGGGTAAA,153,0.405228758,1,1,outside_peak_ESC
7,634,GATTGACACGTGATTGACACGTTTGACATGTGACTTACATGCCATTGACCTTACCACCTAACCAACATGTGACTGATGTGATTGACACATGATCAACACGTAATCAACATGTGTCACAGCTGATCGAAATGACCAGGGCATGATTGACACGTGAACAAT,159,0.427672956,1,0,outside_peak_ESC
13,635,TGTTTTCACGTGTATCTGACATAAGTTGGACAGAATGCCTCAAATAAGCACACATTCTAGAGACTAACACTTTTCCCTGGAGTGTAGGTGGTGGTTGTATTTCATTCAGCAATGATTTATTGAGTTTCCATTCTGTGCCGGGCATTGTCCTAGGCACGTGGAATGC,166,0.427710843,1,0,outside_peak_ESC
7,481,ACGTGACACGTGACATGTGACTCATAGTTGACATAACAGAAACATGACTGACACATAACATGTGAACATGTGACATGATCAACACAACATGTGATTGACGAAATGTGATGTGACCAATTTGACTGACATATGAGACGTGACAGATTACTGACGTGTGACACGTGACACGT,170,0.411764706,1,0,outside_peak_ESC
2,843,TATGTACACGTGCGTATGTGTGTGCGCGTTTAGGGGATTTAGACAGTACATACGTATATGTACACGTGCGTATG,74,0.445945946,0,0,outside_peak_ESC
14,1074,GGTCCACACGTGACTGAGAGTTAATACCTTAGGTCACTGTTCTCAGAACCTGGATATTTATATGCACGTGCACCTC,76,0.460526316,0,0,outside_peak_ESC
2,886,CACTTCCACGTGGAAAAAAAAATGACAAAGATGCTGCAGGATTTCAAAATGGAGGGCTGGCACGAAAACACGTGCTAAGC,80,0.45,0,0,outside_peak_ESC
2,839,CTGTTCCACGTGAATGGGACAAAGGCCAAACTGCATTTCTTTTAGAAAGCCTCCTGTTTATTCTGTACTTGCACGTGGAGATC,83,0.445783133,0,0,outside_peak_ESC
7,1064,GATTGACACGTGACTGACGCATTTGACATGTGACTGACTCGCGAATGACATGATTAGTACGTGACGAATACACAACACGTGATTGGC,87,0.459770115,0,0,outside_peak_ESC
11,1102,GGTGCACACGTGACTGCCGCCATCGATAAAGGCTGAAGTGAGTGTACTTAGCTAAAGGGCATTGCAATAATTTTTCTCTTCCACGTGAGAAAG,93,0.462365591,1,0,outside_peak_ESC
7,864,ACCACCCACGTGAATAGGATTAGTGCTTTTAATAAAAAGCTCGAAGGAAGTAGTTTAGGCCCTTTTCGCCCTTTGACCTCCTACCACGTGAAGACA,96,0.447916667,1,0,outside_peak_ESC
16,658,TCAAAACACGTGGTAGGATGTTTCATTTTTCATTCATTCTTCACCCAACTCCAACACACACACACACACACACACACACACATACACACACGTGCACACA,100,0.43,1,0,outside_peak_ESC
15,931,TTGGGACACGTGTCTAGACTCAAAGATGCCTGGATGGTCTATAATTGGGACATGTGTCTAGACTCAAAGATGGCTGGATGGTCTATAATTGGGACACGTGTCTAGA,106,0.452830189,0,0,outside_peak_ESC
21,741,AATGTACACGTGAGTGTCAGCATACATATATGAGAGTACATGAGTGTGTGAGCATAGACGTGTGTGAGCATACACATGTCAGTGTGTGTATGCGTGTGTACACGTGTGTGAA,112,0.4375,1,1,outside_peak_ESC
4,1008,TTTCACCACGTGACCTTATGTTGTTCGGTAACTAAGAAGGTCTTCTAATGTTTAAAATTATACTGATGCATGTGTGTGTGTGCGCGCGCGTGTGCATGCACCTGCACGTGCACATG,116,0.456896552,1,0,outside_peak_ESC
8,892,CACACACACGTGCATACACATACACACAAACACACTTGTACATGCACACATCCTCATATGCACACATATACATGCATGCACATACAAACACTTGTACAGGTACCCTCGCACGTGTGTGCA,120,0.45,1,0,outside_peak_ESC
10,810,AAGCTACACGTGTCATCTGGCCTAATTTAAAAGAGAGCAGAAATCATACCCCTTTACATGCAGATTGATATGGTTTGGCTGTGTCCCCACCCAAATCTCGAGTTGTAGCTCCCATAATTCTCACGTGTCATGG,133,0.443609023,1,3,outside_peak_ESC
1,1065,CAATTTCACGTGGCCCTGTCATCCTTTTAGGGAAGTTGGCGGAACTGAGGTTTTGGGTTTTGCTCAATCTTACACAGTAGAATGAAAAATCCTTCCTACAGGAGGCTCATGTGTGGCCCTAGAGACACGTGTTTCTT,137,0.459854015,1,1,outside_peak_ESC
9,1029,CCACCACACGTGACTAATTAAAAAAAATTTTTTTTTGTAGAGACTAGGTCTTGCCATGTTGACCAGGCTGGTGTCAAACCCTTGGCCACAATCAATCCTCCAAGCTTGGCCTCCCAAAATGCTGGGATTACACGTGTGAGCC,142,0.457746479,1,1,outside_peak_ESC
15,897,TTGGGACACGTGTCTAGACTCAAAGATGCCTGGATGGTCTATAATTTGGGACATGTGTCTAGACTCAAAGATGCCTGGATGGCCTATAATTGGGAACCGTGTCTAGACTCAAAGATGCCTGAATGGTCTATAATTGGGACACGTGTCTAGA,151,0.450331126,1,0,outside_peak_ESC
12,751,CCCTCTCACGTGTTTCCTCCACATAGGTCAAAGCTTACCTAGGAGCCATTGGAGGACACATATACTGTTAGTTTTGGAAGGTATTATATAACTGCTCTGTCCTTTTCTAACAGTGACAGCTTCCAATTCTCTACATCCTTGCCCACGTGCAACAT,155,0.438709677,1,0,outside_peak_ESC
1,740,GATGTACACGTGTGGGTCACAGGGATCACAATGGCTTGACCATGGCGCAGCCTGCTCAGACGGCCTTACAATCGATATATTATTAATGAAAAATCACTCTATATATTAAGCTTCCAGCATGTTTCAATTCAGCCTGCACATTTGGATACACGTGTCTGGT,160,0.4375,1,0,outside_peak_ESC
6,985,CCTCGACACGTGGGAATTATGGGGATTACAGTTCAAGATGAGATTTGGGTGGGGAGACAGAACCTAACCATATCGATCACTTTGCATAGTTCTCCATCATTACCATTGTGGTAGGAAAAAAGGCCCAAACCCCTTCATTGAGGAAGTGATGCTCTTGCACGTGTGACTT,169,0.455621302,1,0,outside_peak_ESC
4,902,GTTCTTCACGTGTTGGCAAGAGAGCGAAGTGCAGAGCATAGGTGGGGAAAATTATTTTATAAAACCATCAGATCTCATGAGAACTCATTCACTACCATGAGAACAGCATGGAGGTAACTGCCCCTATGATTCAATGACCTCCAACTAGGTCCCTTCCAAGACACGTGGGGATT,173,0.450867052,1,2,outside_peak_ESC
2,1561,TGAGCACACGTGTGTTAGTGTGAGCAGGTGGGTTTGTGTGTGTGTATGAGCATGTGAGCACACACGTGTATTTG,74,0.486486486,0,0,outside_peak_ESC
10,1292,AACCTGCACGTGCTTCTGCCCGTTTCCTTTAAATGTCATGTAGCTCAGGCGTTTCCATTTTTAGCACACGTGGACACA,78,0.474358974,0,0,outside_peak_ESC
6,1335,ATACAGCACGTGAAGTGGGAAATCAGGGGTCTCACAGCCTTCAGAGCTGAGAGCCTTGAACAGAGATTTACCCACGTGTTTATT,84,0.476190476,1,0,outside_peak_ESC
13,1375,TGTCTGCACGTGTGCAAGTGTGTGTGCATGTGTGTGTTGCTATGCATGCATATATGTGTTTGTGTGTTTGCATGTGTGCACGTGTGGTGC,90,0.477777778,0,0,outside_peak_ESC
4,1323,GTGTACCACGTGGTACCTTTTCTATGTTTAGATGTGCTTAGGTACGCAAATACTCACCACTGTGTTACAACTTCCGTGCCATTCAGGCAGTCACGTGCTGTGC,103,0.475728155,1,0,outside_peak_ESC
7,1655,TCCCCTCACGTGAAACAACATGAATAGGTAGAGATAAGTGGCTTTGTGACTTGGAACAGACAGTAGCCCAAGAAGACCACATGCCTCCCTTCTGGCCACGTGAACTAC,108,0.490740741,1,0,outside_peak_ESC
10,1387,CATGTGCACGTGTCTGTAGGTATGTGTAGTGTGTGTGTGCACATGTAGTGTGTGTGCATGTGTGTGGTGTGTGTGCTTATGGTGTAAGTATGTGTCTTGTGTGCACACGTGTGTGTG,117,0.478632479,1,0,outside_peak_ESC
16,1366,TGTGTGCACGTGTGACCGTGTGAGGGTGTATATGTGTGTGTGCATACATTGTGTATGTGAATGCATGTGAGTGTGTACACTGAGCACGTCTGTGAATGTATGTGGGTGTGTCCATATGAGCACGTGTGTGTG,132,0.477272727,1,1,outside_peak_ESC
16,1551,TATGAGCACGTGTGTGTGCACATGTGTGACTGTGTGAGGGTGTATATGTGTGTGCATACATTGTGTGCGTGCATGTGAGTGTGTATACTGTGAGCACGTCTGTGAATGTATGCGGGTGTGTCCATATGAGCACGTGTGTGCA,142,0.485915493,1,0,outside_peak_ESC
X,1424,TTTATGCACGTGAGCATGTGTGCACATACTATGCATGTGTGGGAGGGGTGCAGGTGCGCGCATGTGTTTGCATCTATATGTGTGTATTTGTACATGTGTGCATGTATGTGTGCATGAGTGTGCACATGTGTACGTGCACACACGTGCTCTCA,152,0.480263158,1,0,outside_peak_ESC
10,1585,AGCACACACGTGCACATGCACCACACAAAATGCACATACGCACACATGCACCACACAATACAACCATGTGAGCGTGCACATGTGAGCACACACACCACAGATATACATGCATATGAGCATGCACAGAGGTATCCACACACCACACACATACATGCACACGTGTGAGTG,168,0.488095238,1,0,outside_peak_ESC
9,1929,CATGTGCACGTGTGTATATGCATATGTGCACAGGTGCCTGTGCCTGTGTGAACACATGTTCTCACGTGTGTACC,74,0.5,0,0,outside_peak_ESC
5,2391,ATGCAACACGTGTGCACACACCAGCCACTCTGCAACAAACGTGCACACATCCACACAATCTGCAACACGTGCACACA,77,0.519480519,0,0,outside_peak_ESC
12,2367,CGTCATCACGTGTGTCCGTCAGTTACCTGGTGAGTATTGAATGTTGTGATGACCCGGTCACCGTCATCACGTGTCTGTC,79,0.518987342,0,0,outside_peak_ESC
20,2984,AAGAAGCACGTGCTGCTTTTGTGAGTTCACAAAGGTCTTGGTTTTCCAGGGCCAACAGTGTCCCCGCCACACGTGACCACC,81,0.543209877,0,0,outside_peak_ESC
10,2639,CACACACACGTGCACACACCGCACACATGCACACACATGCACATGACACACATGCATGTGAACTCCCACACCACACACGTGCACATA,87,0.528735632,0,0,outside_peak_ESC
14,2748,GAGCGGCACGTGTAGAGGCCTACTCCTCACAGCACAGTGTCTAGAGGCAAACTCTACAGCAGTCTATAAACACTCTCGTTCACGTGCCCAGA,92,0.532608696,1,0,outside_peak_ESC
10,1830,AACATACACGTGTACCCATGCACACACCAAACATACATTCGCATGTACACACACCCCTCCAACACAACCCTAACACACACACAGTACACGTGCCCACC,98,0.5,1,0,outside_peak_ESC
6,2382,CATGTGCACGTGTGTTTGTGGGGCTACATGCCCATGTATGCATCTGTGTGTATGCACGCATGTGTCCACATCTGTGTTGCCCATTACATGCCCACGTGCATGTC,104,0.519230769,1,0,outside_peak_ESC
7,2490,CCCTGCCACGTGAAGTCGAACGCCAAGAGTTTACTCCAGAAGCTTCCTTTCAACTGGTCACCAGCTCCCCATCCACTGAAATCCTACCCATCCTCCACGTGCATTAT,107,0.523364486,1,1,outside_peak_ESC
9,1983,TGGTCTCACGTGGCATCAGCAACAAAGCTGAGACGTAATCTTTCTATTTGTACCTGGCCAGGAAGTTCCTGCAGAGATTAAAGAAGGGGGATGTGAGCGCACGTGTGGGTG,111,0.504504505,1,0,outside_peak_ESC
17,2536,GTGTCACACGTGGACGTGCTTGCATGTTTGCTAGGGTGTGATAATGTGCATTACGAACACAAGGACCATGTGCCTGTGTGTGTGCATGTGGGTGTGTGCGTGTGCGTTCACGTGTGTGTG,120,0.525,1,0,outside_peak_ESC
13,2994,GTCTCTCACGTGTCCTCCGGTGTCTCTCACTTGTCCTCAGGTGTTTCTCAGGTGTCTCTCACATGTCCCCAGGTGTCTCTCAGGGTATCTCTCACATGTCCTCAGGTGTCTCTCACGTGTCCTCA,125,0.544,1,0,outside_peak_ESC
3,2376,TGATTTCACGTGATCTCATTTAATCCTCAAAAACAACCAAGTGATAAAACTGAGGCACTGAGGGGTGGAGAGACTTGTCCAAGACCACACAGCTGTTGGCAGGGCTGGCACTGGCCTGGCACGTGAGGGCC,131,0.519083969,1,0,outside_peak_ESC
2,1874,TAAACACACGTGCATGCACGGGCACACACAGGCATACCCCACACAAGTACACACATGCATGAACACATGTGCACATATACGCACATCACAAACAAGTGAGCACACACCAGCTACACCCTGCACACGTGCAGATA,134,0.5,0,1,outside_peak_ESC
16,2253,GCAAGTCACGTGGTCATGGAGAAGTTCACAGTGCAGGTCACACAGTTCACGGTGACGTCTATGATGCCGTTGATGGTGCAGGTCACACAGTTCACAGTAACGTCTATGATGCTGTTGATGGTGCAGGTCACGTGGTCATG,140,0.514285714,1,0,outside_peak_ESC
1,2301,TGAGAACACGTGGACACAGAAAGAGGAACATCACACACTGAAGCCTATCAGGGGGTGGGGGGCTAGGGGAGGGAAAGTATTGGGAGAAATACCTAATAGAGATGACGGGTTGATGGGTGCAGCAAACCACCATGGCACGTGTATACC,147,0.517006803,1,0,outside_peak_ESC
9,3013,GTATAACACGTGGTGACATACTTGAGCCTGTGGACTGTTGTCACTGACCACTCCACCCTGTGTACCAGAGGCTGGGGCTGTCAGAGTCTAGTGTCCCAGGACCTTCCCCAGGCTTCTCTATGATCCCTTCACTCCTACCTTCACCACGTGTGACCA,156,0.544871795,1,0,outside_peak_ESC
10,1949,CATATGCACGTGGGTTGGATATGTGTGCAGGTACATGTGGGTATGTGTGCATGCAGGTTGTGGGTGTGTGGAGTGCATGTGTATGTGTGTGTGCGGGTGTGTGTGCATTTGTGGGTATGTGCACATGTATGTGTGTAGGTATGGGTGTGCACACGTGTGTGTA,163,0.503067485,1,0,outside_peak_ESC
8,1948,AATCCCCACGTGTTGAGGGAGGGACCTGGTAGGAGGTGATTAGATCATGGGGGCGGTTTCCCTCATGCTGTTCTCATGATAGTGACTGAGTTCTCACGAGATCTGATGGTTTAAAAGTGTTTGGCAGTTCACCTCATTGCTCGCTGTCTTGCCTCCACGTGAAGAAG,167,0.502994012,1,0,outside_peak_ESC
1,2563,AATCCCCACGTGTCTAGGGAGGCACCTGGCGGGAGGTGATTAGATCATGGGGGCAGTTTCCCACATGCTGTTCTCATGATAGTGAGTGAGTTCTCACGAGATCTGATGGCTTAATAAGGGGATCTTTCCCCTTCACACCTCACTCTTCTCTCTCCTGACGCCACGTGAGGAAG,173,0.526011561,1,1,outside_peak_ESC
7,3809,ATCAGCCACGTGTCCTCCAGCTACTCAGAGATGCTGAGGAACAGCTGGGATTTGCACTGGGTTCACGTGCAGGGG,75,0.573333333,0,0,outside_peak_ESC
21,3876,GTGGTCCACGTGGGCGGCGTTTTGTGCGTTGAGATAACCATGTACAGCCAGATGCCTGTGCCTGTTCACGTGGAGCAG,78,0.576923077,0,0,outside_peak_ESC
13,3646,GTCTCTCACGTGTCCTCAGGTGTCTCTCACGCGTCCTCAGGTGTCTCTCACATGTCCTCAGGTGTCTCTCACGTGTCCTCA,81,0.567901235,0,0,outside_peak_ESC
18,3467,ATCAGCCACGTGTGGTAGTGCACGCCTGTAATCCCAGCTACTCAGGAGGCTGAGACAGGAGAATCACTTGAACACGTGAGGCGG,84,0.55952381,0,0,outside_peak_ESC
2,3652,GCAGTCCACGTGCTGGAAGCTGGCCTTGTCAGTGACCAAACAGCAAGAAGCAGTGACCCATCCTCACATCTTGTGCCACGTGTCACGG,88,0.568181818,0,0,outside_peak_ESC
22,3776,TGTGTGCACGTGTGTGTGCAAGGCAGAGCTGCAAGAGCACAGGGACTGAGGTGGGGTAGAGTGGGCTCTGTACTATGGACACGTGTGACTG,91,0.571428571,1,0,outside_peak_ESC
6,3947,TGTACCCACGTGTTTGTCCTGATGGTCTCCTACCCCCTGTCCCCCTGAGAGGCCCTGGTGTGTGTTGTTCCCCTCCATGTACCCACGTGTTTGTC,95,0.578947368,1,0,outside_peak_ESC
4,3535,GTGGTACACGTGGGTTCTGGAGCTGTAGGTTTTAATTACTTGTGGATGAACTGAGCTGCCGCATAGCCACCTACACACTGACCCCGGGAGCCACGTGGAGGCG,103,0.563106796,1,0,outside_peak_ESC
10,4184,GCCAGTCACGTGGGTAGGAGACGGTTTCCCATGATTGTTTTCCGCGATGTTTCTTGGCGTCCGGAGAGGCTGAGCACCCTGCGTGTGCCAGTGGTCACGTGACCTCT,107,0.588785047,1,0,outside_peak_ESC
18,3798,AAGCCCCACGTGCATTAGGTAGTTATCCTAGTGCTCTCCCTCCTCTTGCCTCCCATCCCCCAACAGGGCCCAGTGTGTGATGTTCCCCTCCCTGTGTCCACGTGTTCTCA,110,0.572727273,1,1,outside_peak_ESC
3,3461,GATGCGCACGTGCTCACGTACACACATGCACCCCTGAACAGCCACAGCCTCGATTCTTGGTCCATATTCCTACCCCCACCCCTCATTTGTCTCCTCGCTACAGACACACGTGCTCACA,118,0.559322034,1,1,outside_peak_ESC
8,3788,ATCCCACACGTGCCAAGGGTGAGCCATGCACGAAGTAGTGAGGGATATGTAAACAAGTGAGCATGGGGTCCGGCCACTGCTCACAACAAAGCGCCGTAGTGGGATAGGCAGCTCCACGTGCCAGCA,126,0.571428571,1,1,outside_peak_ESC
19,4043,AAGCAACACGTGGCACAGCTCTGCAGGACCCCACACCCCGACCTTGTCCTGCAGGATGTGTGACGAGTAGAAGAGGGAGAACAGGTCGGGTCAGCAGGATTTGGGGTCCAGCCTGACTTGGACACGTGGAAGAT,134,0.582089552,1,1,outside_peak_ESC
2,4222,ATGTGGCACGTGGGTCATGCTGGGGCTTTTTGCAGACAGGTTATCACCAGGCCAAAGCCGCAGGGTTGCAGAGGGATCACTTTCAGAGCCTGTGGCTCAGGCAGGATCCGCTGGAGTTCCTCACACCCACGTGGCTGAC,139,0.589928058,1,0,outside_peak_ESC
4,3793,CATCCCCACGTGTGTAGAATATCTTAGTGCCCAGGCTGGAGTGCAGTGGCATAATCTCAGCACATTGCAACCTCCGCCTCCCGGGTTCAAGCGATTCTCCTGCCTCAGCCTCCCGAGTAGCTGCGATTACCGACACGTGCCACCA,145,0.572413793,1,1,outside_peak_ESC
1,4118,GGAGGACACGTGTGAGCAAGTGAACACATCACACAGATGTGCGAGCAGACACAAGACATGGGACACAGGTGCGCCAGTGAACACGGGACTGGTGTAAGCCAGCGGGCATGAGACACGGGTGTGAGCGAGTGGACACGGGACACGTGTGAGTG,152,0.585526316,1,0,outside_peak_ESC
11,3342,GGTTTTCACGTGTCTCCTGAAGCCACCCCTAAGGAGAAGGCTTCGATGTCATCTTCTGGTCAGAGCCGAGCACAGTGGTCCTCTTCAGAGACAGATCCGTGCAGCAGGATGGCACCTCTGTTGTCCTCCCAGACTAGCAGTAGGTACACGTGGGCTTC,158,0.556962025,1,0,outside_peak_ESC
15,4080,TGTCCCCACGTGGACCCTTCCCTCAAATGAGTACACCTGTCCCCACGTAGACCCTTCTCTGAGAGAAGCACACATGTCCCCAAGTGGACCCTTCCCTGAGTCAAGCACACTTGTCCCCAGGTGGAACCTTCCTCCACACGAGCACACCTGTCCCCACGTGGACCCT,166,0.584337349,1,0,outside_peak_ESC
7,3859,GCTGTTCACGTGATTCTGAGGCCTGTGTCCCTGAGCTGTAGACTGTTCGGGTGACTCTGAGGCCTGCTTCTCTGTGCTGTGGGCTCCCCAGGGGATTCTGAGGGCTCTTTTGCTTGTGGCCCTTCTGCTTGGCATGCATACTCAGGCCTGCAACATAGCACGTGGTCCTG,170,0.576470588,1,0,outside_peak_ESC
21,4000,CCTGGGCACGTGGGCTGGCAGGTTCCAGCCACCTGCAGTTAGTTAGGGCCACATGATGAGTTTCTATTGGTTAAACGTGCATGGAGAGATGTCTGCCACTTCCACGCCACAGGTTGTGGGAGCCCTGCTGCCTCTCTTCCTTGCCGGGCTATCTTGGAGGCTCACGTGCCAGAG,174,0.58045977,1,0,outside_peak_ESC
20,4264,TCACAACACGTGAGACTGCCATCAATTGCAGATGTGTCACCTGTGGGGAGCCGTCCTGAGAGGCCACGTGGCACGG,76,0.592105263,0,0,outside_peak_ESC
7,4280,GGAGCCCACGTGACCTCAACGCCTCCCAGGAGGCCCCACCTCCCAACACCATCACTCTGGGATGAAGTTTCCAACACGTGGACTTT,86,0.593023256,1,0,outside_peak_ESC
10,4252,ACGTAGCACGTGGACTCCAGAAGATGCCCCACTCCGAGCGCTTCTGTGGCTAGGAGGCGTGTAGGCTTACCTGCTTCAGCACTGGGTGGGGACCTGTGTGTGTGTGTACACGTGTGTGTG,120,0.591666667,1,0,outside_peak_ESC
16,4262,CCCTCACACGTGCAGCCACGGGCCCTCCAGGTGTCCTATCAGCTGTGGGCCCTGCTCTTGGAATTCCAGGGTGAGCCTGCCTTTCCCTCAAGGGATCAGTGTTCCCTGTTCCTCAGCCCCTCCTGACCTCTGATTAACCACACGTGCTTGAA,152,0.592105263,1,0,outside_peak_ESC
9,4323,TTGTTTCACGTGGCTTCCAAATCTCCTCTGGTGGCTTGGGTCTCCCTCGCATTGCCCTGAGCTGGCAGAACAAACAAAGCGTTAAGATCTCCGAGGCTCCTGGGTGGTGCTGGCAGGATCCTGCCCGGGAGGAGCACTGTCCTTCGAGGCTGGAGGGTGACCACGTGCTCCTG,173,0.595375723,1,0,outside_peak_ESC
14,4149,CCCATTCACGTGGCCAGGTCCAGCCTTTGGCAGCTGTTCCCGCCTCTCCCCCTCTCTCCTAAGCACGTGATTTAT,75,0.586666667,0,0,outside_peak_ESC
5,2182,TGTGTGCACGTGAGCATGTGTGCTGTGTGCATGTGCATGTGTGGGGTGTAGAGGTACAGTATCGGATATGCACGTGAGAGTA,82,0.512195122,0,0,outside_peak_ESC
12,2002,AGTCACCACGTGAAGGACACAGTTGCTGGCTACATGGAAGCACCCTTTGGACTTGTGAGAATGAGACAGAAACATCCATCACGTGTGAGCC,91,0.505494505,0,0,outside_peak_ESC
3,2545,GGTGTGCACGTGCATGTTTGTGTGCATATGCCCGTGTGTATCCGTATGTGCGTGTTTGTGTGTGCATGTGCATGTGTGCATGCTTGTGCATCCGTGTGTGCATGTGCACGTGTCCATG,118,0.525423729,1,0,outside_peak_ESC
9,3139,TACAGGCACGTGCCACCACGCCTGGCTAATTTTTTTTTTCCTAGTAGAGATGGGGTTTCACCATGTTGACCAGGCTGGTCTCGAACTCCTGACCTCAAGTGATCCCCGCCCACCTCAGCCTCCCAAAGTGCGGGGATTACACGTGTGAGCC,151,0.549668874,1,0,outside_peak_ESC
5,3191,GGGAAGCACGTGACTACGGAGAGGAAGAACGCGGTCTGCTGCACAAAACTGAAAGTGAAGTCTCCCCACGTGGAAGTG,78,0.551282051,0,0,outside_peak_ESC
12,2762,GTGGTGCACGTGATTGTGAGCCTCTGTGTCTGTCTGGGATGCGAGTGTGAGAGAATTGAGTTAGAGGTGACCACAGGTCACGTGTCTGGT,90,0.533333333,1,0,outside_peak_ESC
15,2905,TGAAAACACGTGACAGCTCATCAACACTGGGCACAACCTCTTATGGCTGTGCGTTACCCATGCACACTCCTCGGCAGCAGGGATGCTGTGGATTGGTAACACACGTGCTGTGC,113,0.539823009,1,0,outside_peak_ESC
17,3581,GTACCACACGTGCTCCACAAACACGGTGCACCTGCATCAGGTACCACACATGCTCCGCGAACATGGTGTGGCTGTATCAGGTACCACACATGCTCCACAAACACGGCGTGCCTGTATCAGGTACCACACGTGCTCCAC,138,0.565217391,1,0,outside_peak_ESC
18,3211,TGCAGGCACGTGCCACCACGCCCAGCTACTTTTTGTATTTTTAGTAGAGACAGGGTTTCACAGTGTTGGTCAGGCTGGTCTCGAACTCCTGACCTCGTGATCTGCCCACCTCTGCCCCACAAAGTGCTGGGATTACAGGCGTGAGCCACCACACGTGGCCAAA,163,0.552147239,1,0,outside_peak_ESC
X,137,TAAATGCACGTGTTCCAAGGATTATATTTGCCAAATAAGGATTTGCCAAATAAGGATTAAATGCACGTGTTCCAA,75,0.346666667,0,0,outside_peak_ESC
7,176,TATCATCACGTGAAGAAAGGAGTTTATAATTTTCAAATGTTAAAGAGGCTCCATGAAAAAAAAGTGGCCACGTGTCCCAA,80,0.3625,0,1,outside_peak_ESC
7,373,GTGTGACACGTGACTGACACATGACTGACGCGTCTTTTAAAAGTAACTGACGTAATAGACATATGACTTACACATGTGACACGTGAAAAAT,91,0.395604396,0,0,outside_peak_ESC
6,307,TTCCATCACGTGTTGCTTTTCCCAAACCTTGTGCACATCTTTGCATATAGTCCCTTTATTAAACTCTCCAAATTACTCAATTTGATTGTGCCACGTGTTACCT,103,0.388349515,1,0,outside_peak_ESC
13,106,AAAATTCACGTGGGTGTTTTGTTTTGTTTTCTAGTTTAGCCCTGTGCACTTAGCATATGAATATGGGATTTTTTTTTTTTTTTGCCAATGGTATCAACTAACATATTTTGCAAACACGTGTCATGG,126,0.333333333,1,0,outside_peak_ESC
7,263,TAATAACACGTGTATTAGTCACACAAATACAAAATGTCACTGTTAGGAATTGAACCGGGGCCTGACCCAAAGTACAAGCTACATAAACAATAGATCTTGGATGTTTTTGCATGGTGGAAAACACCACGTGAAGAAA,136,0.382352941,1,1,outside_peak_ESC
13,282,TTACATCACGTGATAAAGGAAAAGGGAATAAAGATATTTTCTTAGTACAAGTGTATACATGCACAGACATGTTTTTAGCAAAAGAAGGTGGAGACACTCATGACAATTACAGTCTGCGTTCTGCAGCTGGTCACGTGGTCATA,143,0.384615385,1,0,outside_peak_ESC
9,57,ACATTTCACGTGATCTTGCTTTGGGATTCACAATAAATAAATGCTCAGATATTTTACTTAGCTATTTTTGAAATCCTTTCTGTGTACTTGAGCAAATATTTATGATAAAATCACAATCTTTGCTACTCATCTTTAAATTGCCACGTGCAAAAT,153,0.300653595,1,0,outside_peak_ESC
13,92,TATACCCACGTGTGTGTGCGTGTATATATATATATATCTCGTTGGTTGTGTTTCTTTCAAGGACTATTATATACAACTTAAACAAATTATTTCCATAGGTTTTTAGGGAACAGGTGGCAATTGGTTACATGAGTAATTTCTTTTTTCACGTGAGTAAT,158,0.32278481,1,0,outside_peak_ESC
8,257,ATTGCTCACGTGATGTGTATAGTGTTCTAAGATTTCTTACATTTGATAATGCTGTGGTAGTTATCTTAGATATAAAGTAGTTTCAAAAATTCCAGTTCTATAACCACATCTGATAGGGTTTAGCTGTGTCCCCACCCAGATCTCATCTTGAATTCCCACGTGTCGTGG,168,0.380952381,1,0,outside_peak_ESC
8,1704,TCTTAACACGTGTCCTTGAGTTGTTTTTCAGAAACCTAGAGCCCCACCAAATGAATCCGCTGGCACGTGGACCTC,75,0.493333333,0,0,outside_peak_ESC
7,988,CACATACACGTGCACACCACACATATGCACACATCACACATGCAGCACATATGTGCATACATAAACACACGTGCACACA,79,0.455696203,0,0,outside_peak_ESC
16,787,TGTGCACACGTGTGTCTAAGCGTGCACATTTCTGTGTGTGCATGTGTTTTTGTGTGTATGCATTTCTGTGTGTACACGTGTTTGCA,86,0.441860465,0,0,outside_peak_ESC
2,1497,CAACACCACGTGGCTCCAACAGTTTCAGAAACAGCTGTTTCTTCATGTTCCTGGTGCTATTTCTGCAGAAGAACCCACTCACGTGTGAGCT,91,0.483516484,1,0,outside_peak_ESC
10,431,ATTTTACACGTGTGGTAGCATTAGCATTACTCTTCCTTATGAACAAGTTTGGTATGTGTTCCTCACCACATGAATCCTGTGATTTTACACGTGTGGCAG,99,0.404040404,1,0,outside_peak_ESC
16,1439,ATCCTTCACGTGAGACACTAACATGCCAACACCACACACATTCATCCTTCACTTGAGACACTAACACGCCAATACCACGCACGTTCATCCTTCACGTGAGACAC,104,0.480769231,1,0,outside_peak_ESC
2,1474,GTTTGGCACGTGGTAGGTGCTCGGTAAACCTACTTTGAATGGGAGAGGGTTGTGTTGAAGAAAGGAAAGGCTGGGAGGACTTAAGATTTGAAGGTTTTCCTACACGTGTCCAGG,114,0.48245614,1,0,outside_peak_ESC
11,1380,CCACCCCACGTGCAGGTTACAACCTATCAGTGGGCCCAGAAGACAGCAAGGCAAGTCACACAAGACATTTCAGAAATGAAACAAAAAGGAGGAACTGTTCCATGAAAGTTTTGTTTAAGATGCTCGCACGTGGCCAGG,138,0.47826087,1,0,outside_peak_ESC
10,861,AACATTCACGTGCAAGCTGCAAGTGTTCTTAAAAGTTGAATGAGTTACCCTAATATTTGCAAATGGGAGATTTCACACAGAAATACGACCACACTGGTCTAGAATCCTTGCTGGTTGAGGTTAAGGAGTGGCTGCCCCATCAGCTTGCATGCACGTGCTTCCT,163,0.447852761,1,0,outside_peak_ESC
3,1396,ATGTCTCACGTGGTGGCAGACAAGAGCTTGTGCAGGGGAACTCCCATTTTTAAAACCATCAAATCTCATGAGTCTTACTCACTAACATGAGAGGGTAGCACAGGAAAGACCTCCCACCCATGATTCAATTACCTGCTACCAGGTCCATCCCACAACACGTGGGAATC,167,0.479041916,1,0,outside_peak_ESC
